datetime,date,price,sentiment,MA5,MA10,MA20,MA60,resist,support,price lag-1,price lag-2,price lag-3,price lag-4,price lag-5,price lag-6,price lag-7,price lag-8,price lag-9,price lag-10,sentiment_negative,sentiment_positive
1/4/2021 15:00,1/4/2021,1455,0,1477,1499.5,1482.75,1281.666667,1362,1098.333333,1430,1490,1505,1490,1470,1555,1480,1490,1555,1530,,
1/5/2021 15:00,1/5/2021,1425,0,1474,1492,1486,1287,1362,1163.75,1455,1430,1490,1505,1490,1470,1555,1480,1490,1555,,
1/6/2021 15:00,1/6/2021,1375,0,1461,1479,1487.75,1291.083333,1362,1163.75,1425,1455,1430,1490,1505,1490,1470,1555,1480,1490,,
1/7/2021 15:00,1/7/2021,1405,0,1435,1467.5,1487,1295,1406.25,1199,1375,1425,1455,1430,1490,1505,1490,1470,1555,1480,,
1/8/2021 15:00,1/8/2021,1445,0,1418,1460,1488.5,1299.666667,1406.25,1199,1405,1375,1425,1455,1430,1490,1505,1490,1470,1555,,
1/11/2021 15:00,1/11/2021,1525,0,1421,1449,1489,1305,1406.25,1199,1445,1405,1375,1425,1455,1430,1490,1505,1490,1470,,
1/12/2021 15:00,1/12/2021,1475,0,1435,1454.5,1491,1311.583333,1433,1199,1525,1445,1405,1375,1425,1455,1430,1490,1505,1490,,
1/13/2021 15:00,1/13/2021,1515,0,1445,1453,1487.5,1317.333333,1433,1199,1475,1525,1445,1405,1375,1425,1455,1430,1490,1505,,
1/14/2021 15:00,1/14/2021,1495,0,1473,1454,1486,1324,1450.833333,1199,1515,1475,1525,1445,1405,1375,1425,1455,1430,1490,,
1/15/2021 15:00,1/15/2021,1455,0,1491,1454.5,1484,1330.416667,1450.833333,1199,1495,1515,1475,1525,1445,1405,1375,1425,1455,1430,,
1/18/2021 15:00,1/18/2021,1440,0,1493,1457,1478.25,1335.5,1450.833333,1226.25,1455,1495,1515,1475,1525,1445,1405,1375,1425,1455,,
1/19/2021 15:00,1/19/2021,1415,0,1476,1455.5,1473.75,1339.75,1501,1226.25,1440,1455,1495,1515,1475,1525,1445,1405,1375,1425,,
1/20/2021 15:00,1/20/2021,1415,0,1464,1454.5,1466.75,1344.083333,1501,1226.25,1415,1440,1455,1495,1515,1475,1525,1445,1405,1375,,
1/21/2021 15:00,1/21/2021,1410,0,1444,1458.5,1463,1347.333333,1501,1226.25,1415,1415,1440,1455,1495,1515,1475,1525,1445,1405,,
1/22/2021 15:00,1/22/2021,1350,0,1427,1459,1459.5,1350.5,1566.25,1226.25,1410,1415,1415,1440,1455,1495,1515,1475,1525,1445,,
1/25/2021 15:00,1/25/2021,1295,-0.1,1406,1449.5,1449.25,1352.833333,1566.25,1226.25,1350,1410,1415,1415,1440,1455,1495,1515,1475,1525,1295,
1/26/2021 15:00,1/26/2021,1260,0,1377,1426.5,1440.5,1354.416667,1566.25,1226.25,1295,1350,1410,1415,1415,1440,1455,1495,1515,1475,,
1/27/2021 15:00,1/27/2021,1245,0,1346,1405,1429,1356.083333,1566.25,1226.25,1260,1295,1350,1410,1415,1415,1440,1455,1495,1515,,
1/28/2021 15:00,1/28/2021,1200,0,1312,1378,1416,1357.75,1566.25,1226.25,1245,1260,1295,1350,1410,1415,1415,1440,1455,1495,,
1/29/2021 15:00,1/29/2021,1200,0,1270,1348.5,1401.5,1358.666667,1566.25,1226.25,1200,1245,1260,1295,1350,1410,1415,1415,1440,1455,,
2/1/2021 15:00,2/1/2021,1230,0,1240,1323,1390,1359.916667,1566.25,1213,1200,1200,1245,1260,1295,1350,1410,1415,1415,1440,,
2/2/2021 15:00,2/2/2021,1200,0.7,1227,1302,1378.75,1361.583333,1566.25,1241.25,1230,1200,1200,1245,1260,1295,1350,1410,1415,1415,,1200
2/3/2021 15:00,2/3/2021,1170,0,1215,1280.5,1367.5,1362.5,1566.25,1241.25,1200,1230,1200,1200,1245,1260,1295,1350,1410,1415,,
2/4/2021 15:00,2/4/2021,1165,0,1200,1256,1357.25,1363.5,1566.25,1286.666667,1170,1200,1230,1200,1200,1245,1260,1295,1350,1410,,
2/5/2021 15:00,2/5/2021,1210,0,1193,1231.5,1345.25,1363.916667,1566.25,1286.666667,1165,1170,1200,1230,1200,1200,1245,1260,1295,1350,,
2/8/2021 15:00,2/8/2021,1220,0,1195,1217.5,1333.5,1365.083333,1566.25,1286.666667,1210,1165,1170,1200,1230,1200,1200,1245,1260,1295,,
2/9/2021 15:00,2/9/2021,1210,0,1193,1210,1318.25,1366.583333,1504,1286.666667,1220,1210,1165,1170,1200,1230,1200,1200,1245,1260,,
2/10/2021 15:00,2/10/2021,1200,0,1195,1205,1305,1367.75,1504,1286.666667,1210,1220,1210,1165,1170,1200,1230,1200,1200,1245,,
2/11/2021 15:00,2/11/2021,1215,0,1201,1200.5,1289.25,1367.666667,1504,1286.666667,1200,1210,1220,1210,1165,1170,1200,1230,1200,1200,,
2/15/2021 15:00,2/15/2021,1215,0,1211,1202,1275.25,1368.333333,1504,1286.666667,1215,1200,1210,1220,1210,1165,1170,1200,1230,1200,,
2/16/2021 15:00,2/16/2021,1210,0,1212,1203.5,1263.25,1369.166667,1460,1286.666667,1215,1215,1200,1210,1220,1210,1165,1170,1200,1230,,
2/17/2021 15:00,2/17/2021,1180,0.3,1210,1201.5,1251.75,1369.416667,1460,1286.666667,1210,1215,1215,1200,1210,1220,1210,1165,1170,1200,,1180
2/18/2021 15:00,2/18/2021,1175,0.483333333,1204,1199.5,1240,1369.416667,1460,1286.666667,1180,1210,1215,1215,1200,1210,1220,1210,1165,1170,,1175
2/19/2021 15:00,2/19/2021,1180,0,1199,1200,1228,1369.166667,1460,1286.666667,1175,1180,1210,1215,1215,1200,1210,1220,1210,1165,,
2/22/2021 15:00,2/22/2021,1210,0,1192,1201.5,1216.5,1368.166667,1460,1255,1180,1175,1180,1210,1215,1215,1200,1210,1220,1210,,
2/23/2021 15:00,2/23/2021,1205,0,1191,1201.5,1209.5,1368.083333,1460,1255,1210,1180,1175,1180,1210,1215,1215,1200,1210,1220,,
2/24/2021 15:00,2/24/2021,1185,0,1190,1200,1205,1366.666667,1460,1255,1205,1210,1180,1175,1180,1210,1215,1215,1200,1210,,
2/25/2021 15:00,2/25/2021,1200,0.136363636,1191,1197.5,1201.25,1364.75,1460,1241,1185,1205,1210,1180,1175,1180,1210,1215,1215,1200,,1200
2/26/2021 15:00,2/26/2021,1180,0,1196,1197.5,1199,1363.083333,1460,1241,1200,1185,1205,1210,1180,1175,1180,1210,1215,1215,,
3/1/2021 15:00,3/1/2021,1185,0,1196,1194,1198,1360.083333,1460,1241,1180,1200,1185,1205,1210,1180,1175,1180,1210,1215,,
3/2/2021 15:00,3/2/2021,1185,0,1191,1191,1197.25,1356.666667,1460,1241,1185,1180,1200,1185,1205,1210,1180,1175,1180,1210,,
3/3/2021 15:00,3/3/2021,1185,0,1187,1188.5,1195,1353.25,1460,1241,1185,1185,1180,1200,1185,1205,1210,1180,1175,1180,,
3/4/2021 15:00,3/4/2021,1220,0,1187,1189,1194.25,1349.833333,1460,1241,1185,1185,1185,1180,1200,1185,1205,1210,1180,1175,,
3/5/2021 15:00,3/5/2021,1180,0,1191,1193.5,1196.75,1347,1427.857143,1241,1220,1185,1185,1185,1180,1200,1185,1205,1210,1180,,
3/8/2021 15:00,3/8/2021,1175,0.091666667,1191,1193.5,1197.5,1343.75,1427.857143,1241,1180,1220,1185,1185,1185,1180,1200,1185,1205,1210,,1175
3/9/2021 15:00,3/9/2021,1165,0,1189,1190,1195.75,1339.416667,1427.857143,1241,1175,1180,1220,1185,1185,1185,1180,1200,1185,1205,,
3/10/2021 15:00,3/10/2021,1170,0,1185,1186,1193,1334.083333,1427.857143,1241,1165,1175,1180,1220,1185,1185,1185,1180,1200,1185,,
3/12/2021 15:00,3/12/2021,1210,0,1182,1184.5,1191,1327.833333,1427.857143,1241,1170,1165,1175,1180,1220,1185,1185,1185,1180,1200,,
3/15/2021 15:00,3/15/2021,1235,0,1180,1185.5,1191.5,1322.25,1399.166667,1241,1210,1170,1165,1175,1180,1220,1185,1185,1185,1180,,
3/16/2021 15:00,3/16/2021,1220,0.8,1191,1191,1192.5,1317.25,1399.166667,1241,1235,1210,1170,1165,1175,1180,1220,1185,1185,1185,,1220
3/17/2021 15:00,3/17/2021,1230,0.616666667,1200,1194.5,1192.75,1311.416667,1362,1241,1220,1235,1210,1170,1165,1175,1180,1220,1185,1185,,1230
3/18/2021 15:00,3/18/2021,1270,0,1213,1199,1193.75,1306.416667,1362,1241,1230,1220,1235,1210,1170,1165,1175,1180,1220,1185,,
3/19/2021 15:00,3/19/2021,1300,0,1233,1207.5,1198.25,1301.666667,1362,1241,1270,1230,1220,1235,1210,1170,1165,1175,1180,1220,,
3/22/2021 15:00,3/22/2021,1285,0,1251,1215.5,1204.5,1298.5,1362,1241,1300,1270,1230,1220,1235,1210,1170,1165,1175,1180,,
3/23/2021 15:00,3/23/2021,1300,0,1261,1226,1209.75,1295.25,1358.333333,1241,1285,1300,1270,1230,1220,1235,1210,1170,1165,1175,,
3/24/2021 15:00,3/24/2021,1225,0,1277,1238.5,1214.25,1291,1358.333333,1241,1300,1285,1300,1270,1230,1220,1235,1210,1170,1165,,
3/25/2021 15:00,3/25/2021,1205,0,1276,1244.5,1215.25,1286.916667,1358.333333,1241,1225,1300,1285,1300,1270,1230,1220,1235,1210,1170,,
3/26/2021 15:00,3/26/2021,1220,0,1263,1248,1216.25,1282.166667,1358.333333,1241,1205,1225,1300,1285,1300,1270,1230,1220,1235,1210,,
3/29/2021 15:00,3/29/2021,1205,0,1247,1249,1217.25,1277.416667,1358.333333,1241,1220,1205,1225,1300,1285,1300,1270,1230,1220,1235,,
3/30/2021 15:00,3/30/2021,1175,0,1231,1246,1218.5,1272.666667,1358.333333,1241,1205,1220,1205,1225,1300,1285,1300,1270,1230,1220,,
3/31/2021 15:00,3/31/2021,1175,0,1206,1241.5,1218,1268.416667,1358.333333,1241,1175,1205,1220,1205,1225,1300,1285,1300,1270,1230,,
4/1/2021 15:00,4/1/2021,1180,0,1196,1236,1217.5,1263.75,1358.333333,1201,1175,1175,1205,1220,1205,1225,1300,1285,1300,1270,,
4/5/2021 15:00,4/5/2021,1185,0,1191,1227,1217.25,1259.666667,1358.333333,1201,1180,1175,1175,1205,1220,1205,1225,1300,1285,1300,,
4/6/2021 15:00,4/6/2021,1210,0,1184,1215.5,1215.5,1256.5,1358.333333,1166.25,1185,1180,1175,1175,1205,1220,1205,1225,1300,1285,,
4/7/2021 15:00,4/7/2021,1220,0.7,1185,1208,1217,1253.25,1358.333333,1166.25,1210,1185,1180,1175,1175,1205,1220,1205,1225,1300,,1220
4/8/2021 15:00,4/8/2021,1230,0,1194,1200,1219.25,1249.5,1358.333333,1166.25,1220,1210,1185,1180,1175,1175,1205,1220,1205,1225,,
4/9/2021 15:00,4/9/2021,1205,-0.133333333,1205,1200.5,1222.5,1244.583333,1322,1166.25,1230,1220,1210,1185,1180,1175,1175,1205,1220,1205,1205,
4/12/2021 15:00,4/12/2021,1180,0,1210,1200.5,1224.25,1240.083333,1322,1166.25,1205,1230,1220,1210,1185,1180,1175,1175,1205,1220,,
4/13/2021 15:00,4/13/2021,1160,0,1209,1196.5,1222.75,1234.5,1267.5,1166.25,1180,1205,1230,1220,1210,1185,1180,1175,1175,1205,,
4/14/2021 15:00,4/14/2021,1195,0,1199,1192,1219,1228.916667,1267.5,1166.25,1160,1180,1205,1230,1220,1210,1185,1180,1175,1175,,
4/15/2021 15:00,4/15/2021,1190,-0.055555556,1194,1194,1217.75,1224.583333,1267.5,1166.25,1195,1160,1180,1205,1230,1220,1210,1185,1180,1175,1190,
4/16/2021 15:00,4/16/2021,1185,0,1186,1195.5,1215.75,1220.416667,1267.5,1166.25,1190,1195,1160,1180,1205,1230,1220,1210,1185,1180,,
4/19/2021 15:00,4/19/2021,1185,0.004545455,1182,1196,1211.5,1216.583333,1267.5,1166.25,1185,1190,1195,1160,1180,1205,1230,1220,1210,1185,,1185
4/20/2021 15:00,4/20/2021,1185,0.636363636,1183,1196,1205.75,1212.75,1267.5,1166.25,1185,1185,1190,1195,1160,1180,1205,1230,1220,1210,,1185
4/21/2021 15:00,4/21/2021,1180,1.153571429,1188,1193.5,1200.75,1209,1267.5,1166.25,1185,1185,1185,1190,1195,1160,1180,1205,1230,1220,,1180
4/22/2021 15:00,4/22/2021,1170,-0.133333333,1185,1189.5,1194.75,1206.166667,1267.5,1166.25,1180,1185,1185,1185,1190,1195,1160,1180,1205,1230,1170,
4/23/2021 15:00,4/23/2021,1200,0,1181,1183.5,1192,1204.083333,1267.5,1166.25,1170,1180,1185,1185,1185,1190,1195,1160,1180,1205,,
4/26/2021 15:00,4/26/2021,1210,0,1184,1183,1191.75,1203.083333,1267.5,1166.25,1200,1170,1180,1185,1185,1185,1190,1195,1160,1180,,
4/27/2021 15:00,4/27/2021,1210,0.434722222,1189,1186,1191.25,1202.5,1267.5,1166.25,1210,1200,1170,1180,1185,1185,1185,1190,1195,1160,,1210
4/28/2021 15:00,4/28/2021,1215,-0.2,1194,1191,1191.5,1202.666667,1267.5,1166.25,1210,1210,1200,1170,1180,1185,1185,1185,1190,1195,1215,
4/29/2021 15:00,4/29/2021,1255,0.33982684,1201,1193,1193.5,1202.916667,1267.5,1168.333333,1215,1210,1210,1200,1170,1180,1185,1185,1185,1190,,1255
4/30/2021 15:00,4/30/2021,1245,0,1218,1199.5,1197.5,1203.333333,1267.5,1168.333333,1255,1215,1210,1210,1200,1170,1180,1185,1185,1185,,
5/3/2021 15:00,5/3/2021,1240,0,1227,1205.5,1200.75,1204.083333,1267.5,1168.333333,1245,1255,1215,1210,1210,1200,1170,1180,1185,1185,,
5/4/2021 15:00,5/4/2021,1250,0,1233,1211,1203.5,1205.25,1267.5,1168.333333,1240,1245,1255,1215,1210,1210,1200,1170,1180,1185,,
5/5/2021 15:00,5/5/2021,1195,-0.5,1241,1217.5,1205.5,1206.666667,1267.5,1168.333333,1250,1240,1245,1255,1215,1210,1210,1200,1170,1180,1195,
5/6/2021 15:00,5/6/2021,1185,0,1237,1219,1204.25,1206.416667,1267.5,1168.333333,1195,1250,1240,1245,1255,1215,1210,1210,1200,1170,,
5/7/2021 15:00,5/7/2021,1185,0,1223,1220.5,1202,1205.833333,1271.666667,1168.333333,1185,1195,1250,1240,1245,1255,1215,1210,1210,1200,,
5/10/2021 15:00,5/10/2021,1195,0.003571429,1211,1219,1201,1205.416667,1271.666667,1168.333333,1185,1185,1195,1250,1240,1245,1255,1215,1210,1210,,1195
5/11/2021 15:00,5/11/2021,1195,0.3125,1202,1217.5,1201.75,1205.333333,1271.666667,1168.333333,1195,1185,1185,1195,1250,1240,1245,1255,1215,1210,,1195
5/17/2021 15:00,5/17/2021,1185,0,1191,1216,1203.5,1205,1271.666667,1168.333333,1195,1195,1185,1185,1195,1250,1240,1245,1255,1215,,
5/18/2021 15:00,5/18/2021,1200,0,1189,1213,1203,1204.5,1287.5,1168.333333,1185,1195,1195,1185,1185,1195,1250,1240,1245,1255,,
5/19/2021 15:00,5/19/2021,1175,0,1192,1207.5,1203.5,1204.333333,1287.5,1168.333333,1200,1185,1195,1195,1185,1185,1195,1250,1240,1245,,
5/20/2021 15:00,5/20/2021,1170,0,1190,1200.5,1203,1204.25,1287.5,1168.333333,1175,1200,1185,1195,1195,1185,1185,1195,1250,1240,,
5/21/2021 15:00,5/21/2021,1165,0,1185,1193.5,1202.25,1204.166667,1287.5,1168.333333,1170,1175,1200,1185,1195,1195,1185,1185,1195,1250,,
5/24/2021 15:00,5/24/2021,1160,0,1179,1185,1201.25,1203.916667,1287.5,1172.5,1165,1170,1175,1200,1185,1195,1195,1185,1185,1195,,
5/25/2021 15:00,5/25/2021,1170,0,1174,1181.5,1200.25,1203.083333,1287.5,1172.5,1160,1165,1170,1175,1200,1185,1195,1195,1185,1185,,
5/27/2021 15:00,5/27/2021,1165,0,1168,1180,1200.25,1202.5,1287.5,1172.5,1170,1160,1165,1170,1175,1200,1185,1195,1195,1185,,
5/28/2021 15:00,5/28/2021,1170,0,1166,1178,1198.5,1202.166667,1287.5,1160,1165,1170,1160,1165,1170,1175,1200,1185,1195,1195,,
5/31/2021 15:00,5/31/2021,1190,0,1166,1175.5,1196.5,1201.666667,1287.5,1160,1170,1165,1170,1160,1165,1170,1175,1200,1185,1195,,
6/2/2021 15:00,6/2/2021,1260,0,1171,1175,1195.5,1201.833333,1287.5,1160,1190,1170,1165,1170,1160,1165,1170,1175,1200,1185,,
6/3/2021 15:00,6/3/2021,1250,0,1191,1182.5,1197.75,1203.083333,1287.5,1160,1260,1190,1170,1165,1170,1160,1165,1170,1175,1200,,
6/4/2021 15:00,6/4/2021,1230,0,1207,1187.5,1197.5,1204.166667,1280,1160,1250,1260,1190,1170,1165,1170,1160,1165,1170,1175,,
6/7/2021 15:00,6/7/2021,1205,-0.05,1220,1193,1196.75,1204.916667,1280,1160,1230,1250,1260,1190,1170,1165,1170,1160,1165,1170,1205,
6/8/2021 15:00,6/8/2021,1210,0,1227,1196.5,1195,1204.666667,1302.5,1160,1205,1230,1250,1260,1190,1170,1165,1170,1160,1165,,
6/9/2021 15:00,6/9/2021,1215,0,1231,1201,1193,1205.166667,1280,1160,1210,1205,1230,1250,1260,1190,1170,1165,1170,1160,,
6/10/2021 15:00,6/10/2021,1210,0,1222,1206.5,1194,1205.833333,1280,1160,1215,1210,1205,1230,1250,1260,1190,1170,1165,1170,,
6/11/2021 15:00,6/11/2021,1315,0.4,1214,1210.5,1195.25,1206.583333,1280,1160,1210,1215,1210,1205,1230,1250,1260,1190,1170,1165,,1315
6/14/2021 15:00,6/14/2021,1325,0,1231,1225.5,1201.75,1209,1297.5,1160,1315,1210,1215,1210,1205,1230,1250,1260,1190,1170,,
6/15/2021 15:00,6/15/2021,1310,0,1255,1241,1208.25,1210.916667,1297.5,1160,1325,1315,1210,1215,1210,1205,1230,1250,1260,1190,,
6/16/2021 15:00,6/16/2021,1395,0,1275,1253,1214,1212.166667,1297.5,1160,1310,1325,1315,1210,1215,1210,1205,1230,1250,1260,,
6/17/2021 15:00,6/17/2021,1355,0,1311,1266.5,1224.5,1215.083333,1297.5,1160,1395,1310,1325,1315,1210,1215,1210,1205,1230,1250,,
6/18/2021 15:00,6/18/2021,1310,0,1340,1277,1232.25,1217.166667,1319,1160,1355,1395,1310,1325,1315,1210,1215,1210,1205,1230,,
6/21/2021 15:00,6/21/2021,1285,0,1339,1285,1239,1217.833333,1319,1160,1310,1355,1395,1310,1325,1315,1210,1215,1210,1205,,
6/22/2021 15:00,6/22/2021,1290,0,1331,1293,1244.75,1217.583333,1319,1160,1285,1310,1355,1395,1310,1325,1315,1210,1215,1210,,
6/23/2021 15:00,6/23/2021,1260,0,1327,1301,1251,1217.666667,1313.75,1160,1290,1285,1310,1355,1395,1310,1325,1315,1210,1215,,
6/24/2021 15:00,6/24/2021,1245,0,1300,1305.5,1256,1217,1313.75,1160,1260,1290,1285,1310,1355,1395,1310,1325,1315,1210,,
6/25/2021 15:00,6/25/2021,1285,0,1278,1309,1259.75,1217.333333,1313.75,1160,1245,1260,1290,1285,1310,1355,1395,1310,1325,1315,,
6/28/2021 15:00,6/28/2021,1235,0,1273,1306,1265.75,1218.666667,1313.75,1160,1285,1245,1260,1290,1285,1310,1355,1395,1310,1325,,
6/29/2021 15:00,6/29/2021,1215,0,1263,1297,1269,1218.916667,1312,1160,1235,1285,1245,1260,1290,1285,1310,1355,1395,1310,,
6/30/2021 15:00,6/30/2021,1205,0,1248,1287.5,1270.25,1219.083333,1312,1160,1215,1235,1285,1245,1260,1290,1285,1310,1355,1395,,
7/1/2021 15:00,7/1/2021,1205,0,1237,1268.5,1267.5,1219.583333,1312,1175,1205,1215,1235,1285,1245,1260,1290,1285,1310,1355,,
7/2/2021 15:00,7/2/2021,1260,0,1229,1253.5,1265.25,1220.083333,1312,1190,1205,1205,1215,1235,1285,1245,1260,1290,1285,1310,,
7/5/2021 15:00,7/5/2021,1235,0,1224,1248.5,1266.75,1221.416667,1305,1190,1260,1205,1205,1215,1235,1285,1245,1260,1290,1285,,
7/6/2021 15:00,7/6/2021,1290,-0.1,1224,1243.5,1268.25,1222.25,1305,1190,1235,1260,1205,1205,1215,1235,1285,1245,1260,1290,1290,
7/7/2021 15:00,7/7/2021,1250,0,1239,1243.5,1272.25,1223.583333,1304.285714,1190,1290,1235,1260,1205,1205,1215,1235,1285,1245,1260,,
7/8/2021 15:00,7/8/2021,1220,0,1248,1242.5,1274,1224.083333,1304.285714,1190,1250,1290,1235,1260,1205,1205,1215,1235,1285,1245,,
7/9/2021 15:00,7/9/2021,1250,0,1251,1240,1274.5,1223.916667,1304.285714,1190,1220,1250,1290,1235,1260,1205,1205,1215,1235,1285,,
7/12/2021 15:00,7/12/2021,1235,-0.4,1249,1236.5,1271.25,1224.666667,1304.285714,1190,1250,1220,1250,1290,1235,1260,1205,1205,1215,1235,1235,
7/13/2021 15:00,7/13/2021,1230,0,1249,1236.5,1266.75,1225.583333,1304.285714,1190,1235,1250,1220,1250,1290,1235,1260,1205,1205,1215,,
7/14/2021 15:00,7/14/2021,1220,0,1237,1238,1262.75,1226.75,1304.285714,1190,1230,1235,1250,1220,1250,1290,1235,1260,1205,1205,,
7/15/2021 15:00,7/15/2021,1225,0,1231,1239.5,1254,1227.166667,1304.285714,1190,1220,1230,1235,1250,1220,1250,1290,1235,1260,1205,,
7/16/2021 15:00,7/16/2021,1240,0,1232,1241.5,1247.5,1227.75,1304.285714,1190,1225,1220,1230,1235,1250,1220,1250,1290,1235,1260,,
7/19/2021 15:00,7/19/2021,1250,0,1230,1239.5,1244,1228.666667,1304.285714,1190,1240,1225,1220,1230,1235,1250,1220,1250,1290,1235,,
7/21/2021 15:00,7/21/2021,1240,-0.8,1233,1241,1242.25,1229.75,1299.375,1190,1250,1240,1225,1220,1230,1235,1250,1220,1250,1290,1240,
7/22/2021 15:00,7/22/2021,1335,0,1235,1236,1239.75,1230.666667,1299.375,1190,1240,1250,1240,1225,1220,1230,1235,1250,1220,1250,,
7/23/2021 15:00,7/23/2021,1305,0,1258,1244.5,1243.5,1233.25,1303.888889,1190,1335,1240,1250,1240,1225,1220,1230,1235,1250,1220,,
7/26/2021 15:00,7/26/2021,1280,0,1274,1253,1246.5,1235.5,1303.888889,1190,1305,1335,1240,1250,1240,1225,1220,1230,1235,1250,,
7/27/2021 15:00,7/27/2021,1275,0,1282,1256,1246.25,1236.833333,1303.888889,1190,1280,1305,1335,1240,1250,1240,1225,1220,1230,1235,,
7/28/2021 15:00,7/28/2021,1270,0,1287,1260,1248.25,1237.916667,1303.888889,1190,1275,1280,1305,1335,1240,1250,1240,1225,1220,1230,,
7/29/2021 15:00,7/29/2021,1325,0,1293,1264,1251,1238.916667,1303.888889,1222.5,1270,1275,1280,1305,1335,1240,1250,1240,1225,1220,,
7/30/2021 15:00,7/30/2021,1335,0,1291,1274.5,1257,1240.75,1303.888889,1222.5,1325,1270,1275,1280,1305,1335,1240,1250,1240,1225,,
8/2/2021 15:00,8/2/2021,1370,0,1297,1285.5,1263.5,1242.083333,1303.888889,1222.5,1335,1325,1270,1275,1280,1305,1335,1240,1250,1240,,
8/3/2021 15:00,8/3/2021,1350,0,1315,1298.5,1269,1244.166667,1312.5,1222.5,1370,1335,1325,1270,1275,1280,1305,1335,1240,1250,,
8/4/2021 15:00,8/4/2021,1360,0,1330,1308.5,1274.75,1246,1312.5,1222.5,1350,1370,1335,1325,1270,1275,1280,1305,1335,1240,,
8/5/2021 15:00,8/5/2021,1300,0,1348,1320.5,1278.25,1247.833333,1312.5,1222.5,1360,1350,1370,1335,1325,1270,1275,1280,1305,1335,,
8/6/2021 15:00,8/6/2021,1290,0,1343,1317,1280.75,1249.583333,1312.5,1222.5,1300,1360,1350,1370,1335,1325,1270,1275,1280,1305,,
8/9/2021 15:00,8/9/2021,1300,0,1334,1315.5,1284.25,1251.333333,1312.5,1222.5,1290,1300,1360,1350,1370,1335,1325,1270,1275,1280,,
8/10/2021 15:00,8/10/2021,1340,0,1320,1317.5,1286.75,1253.25,1312.5,1222.5,1300,1290,1300,1360,1350,1370,1335,1325,1270,1275,,
8/12/2021 15:00,8/12/2021,1410,0,1318,1324,1292,1255.666667,1312.5,1222.5,1340,1300,1290,1300,1360,1350,1370,1335,1325,1270,,
8/13/2021 15:00,8/13/2021,1385,0,1328,1338,1301,1259.25,1312.5,1222.5,1410,1340,1300,1290,1300,1360,1350,1370,1335,1325,,
8/16/2021 15:00,8/16/2021,1365,0,1345,1344,1309.25,1262.583333,1323.181818,1222.5,1385,1410,1340,1300,1290,1300,1360,1350,1370,1335,,
8/18/2021 15:00,8/18/2021,1340,0,1360,1347,1316.25,1265.333333,1323.181818,1222.5,1365,1385,1410,1340,1300,1290,1300,1360,1350,1370,,
8/19/2021 15:00,8/19/2021,1295,0,1368,1344,1321.25,1268.083333,1323.181818,1222.5,1340,1365,1385,1410,1340,1300,1290,1300,1360,1350,,
8/20/2021 15:00,8/20/2021,1265,0,1359,1338.5,1323.5,1270.166667,1323.181818,1222.5,1295,1340,1365,1385,1410,1340,1300,1290,1300,1360,,
8/23/2021 15:00,8/23/2021,1315,0,1330,1329,1324.75,1271.833333,1323.181818,1222.5,1265,1295,1340,1365,1385,1410,1340,1300,1290,1300,,
8/24/2021 15:00,8/24/2021,1260,0,1316,1330.5,1323.75,1274.416667,1323.181818,1222.5,1315,1265,1295,1340,1365,1385,1410,1340,1300,1290,,
8/25/2021 15:00,8/25/2021,1255,0,1295,1327.5,1321.5,1275.916667,1323.181818,1222.5,1260,1315,1265,1295,1340,1365,1385,1410,1340,1300,,
8/26/2021 15:00,8/26/2021,1280,-0.1,1278,1323,1320.25,1277.416667,1323.181818,1222.5,1255,1260,1315,1265,1295,1340,1365,1385,1410,1340,1280,
8/27/2021 15:00,8/27/2021,1245,0,1275,1317,1320.5,1279.25,1323.181818,1222.5,1280,1255,1260,1315,1265,1295,1340,1365,1385,1410,,
8/30/2021 15:00,8/30/2021,1300,0,1271,1300.5,1319.25,1280.166667,1323.181818,1230,1245,1280,1255,1260,1315,1265,1295,1340,1365,1385,,
8/31/2021 15:00,8/31/2021,1260,0,1268,1292,1318,1280.833333,1323.181818,1230,1300,1245,1280,1255,1260,1315,1265,1295,1340,1365,,
9/1/2021 15:00,9/1/2021,1320,0,1268,1281.5,1314.25,1281,1329,1230,1260,1300,1245,1280,1255,1260,1315,1265,1295,1340,,
9/2/2021 15:00,9/2/2021,1320,0.436111111,1281,1279.5,1311.75,1282.5,1329,1230,1320,1260,1300,1245,1280,1255,1260,1315,1265,1295,,1320
9/3/2021 15:00,9/3/2021,1355,0,1289,1282,1310.25,1284.416667,1329,1230,1320,1320,1260,1300,1245,1280,1255,1260,1315,1265,,
9/6/2021 15:00,9/6/2021,1365,0,1311,1291,1310,1286.833333,1339.444444,1230,1355,1320,1320,1260,1300,1245,1280,1255,1260,1315,,
9/7/2021 15:00,9/7/2021,1345,0,1324,1296,1313.25,1289.333333,1343.5,1230,1365,1355,1320,1320,1260,1300,1245,1280,1255,1260,,
9/8/2021 15:00,9/8/2021,1330,0,1341,1304.5,1316,1291.583333,1343.5,1230,1345,1365,1355,1320,1320,1260,1300,1245,1280,1255,,
9/9/2021 15:00,9/9/2021,1365,0,1343,1312,1317.5,1291.833333,1342.777778,1230,1330,1345,1365,1355,1320,1320,1260,1300,1245,1280,,
9/10/2021 15:00,9/10/2021,1350,0,1352,1320.5,1318.75,1292.5,1342.777778,1230,1365,1330,1345,1365,1355,1320,1320,1260,1300,1245,,
9/13/2021 15:00,9/13/2021,1340,0,1351,1331,1315.75,1293.166667,1342.777778,1230,1350,1365,1330,1345,1365,1355,1320,1320,1260,1300,,
9/14/2021 15:00,9/14/2021,1385,-0.038095238,1346,1335,1313.5,1292.25,1342.777778,1255,1340,1350,1365,1330,1345,1365,1355,1320,1320,1260,1385,
9/15/2021 15:00,9/15/2021,1390,-0.044444444,1354,1347.5,1314.5,1292.75,1335,1255,1385,1340,1350,1365,1330,1345,1365,1355,1320,1320,1390,
9/16/2021 15:00,9/16/2021,1390,0,1366,1354.5,1317,1294.083333,1335,1255,1390,1385,1340,1350,1365,1330,1345,1365,1355,1320,,
9/17/2021 15:00,9/17/2021,1335,0,1371,1361.5,1321.75,1295.833333,1335,1255,1390,1390,1385,1340,1350,1365,1330,1345,1365,1355,,
9/20/2021 15:00,9/20/2021,1320,0.075,1368,1359.5,1325.25,1296.583333,1335,1255,1335,1390,1390,1385,1340,1350,1365,1330,1345,1365,,1320
9/21/2021 15:00,9/21/2021,1345,0,1364,1355,1325.5,1297.583333,1335,1255,1320,1335,1390,1390,1385,1340,1350,1365,1330,1345,,
9/22/2021 15:00,9/22/2021,1400,0,1356,1355,1329.75,1299.25,1335,1255,1345,1320,1335,1390,1390,1385,1340,1350,1365,1330,,
9/23/2021 15:00,9/23/2021,1415,0,1358,1362,1337,1301.166667,1335,1255,1400,1345,1320,1335,1390,1390,1385,1340,1350,1365,,
9/24/2021 15:00,9/24/2021,1500,0,1363,1367,1343.75,1304.166667,1339.285714,1255,1415,1400,1345,1320,1335,1390,1390,1385,1340,1350,,
9/27/2021 15:00,9/27/2021,1510,0,1396,1382,1356.5,1308.916667,1339.285714,1255,1500,1415,1400,1345,1320,1335,1390,1390,1385,1340,,
9/28/2021 15:00,9/28/2021,1740,0,1434,1399,1367,1314,1339.285714,1276.666667,1510,1500,1415,1400,1345,1320,1335,1390,1390,1385,,
9/29/2021 15:00,9/29/2021,1720,0,1513,1434.5,1391,1322.916667,1339.285714,1276.666667,1740,1510,1500,1415,1400,1345,1320,1335,1390,1390,,
9/30/2021 15:00,9/30/2021,1760,0.3,1577,1467.5,1411,1330.583333,1350.833333,1276.666667,1720,1740,1510,1500,1415,1400,1345,1320,1335,1390,,1760
10/1/2021 15:00,10/1/2021,1780,0.2,1646,1504.5,1433,1339.333333,1350.833333,1276.666667,1760,1720,1740,1510,1500,1415,1400,1345,1320,1335,,1780
10/4/2021 15:00,10/4/2021,1860,0,1702,1549,1454.25,1347.5,1361,1276.666667,1780,1760,1720,1740,1510,1500,1415,1400,1345,1320,,
10/5/2021 15:00,10/5/2021,1830,0,1772,1603,1479,1357.666667,1361,1276.666667,1860,1780,1760,1720,1740,1510,1500,1415,1400,1345,,
10/6/2021 15:00,10/6/2021,1865,0,1790,1651.5,1503.25,1367.833333,1361,1276.666667,1830,1860,1780,1760,1720,1740,1510,1500,1415,1400,,
10/7/2021 15:00,10/7/2021,1735,0,1819,1698,1530,1378.083333,1361,1276.666667,1865,1830,1860,1780,1760,1720,1740,1510,1500,1415,,
10/8/2021 15:00,10/8/2021,1815,0,1814,1730,1548.5,1386.416667,1361,1276.666667,1735,1865,1830,1860,1780,1760,1720,1740,1510,1500,,
10/11/2021 15:00,10/11/2021,1915,0,1821,1761.5,1571.75,1396.166667,1361,1276.666667,1815,1735,1865,1830,1860,1780,1760,1720,1740,1510,,
10/12/2021 15:00,10/12/2021,1885,0.468181818,1832,1802,1600.5,1407.75,1361,1276.666667,1915,1815,1735,1865,1830,1860,1780,1760,1720,1740,,1885
10/13/2021 15:00,10/13/2021,1860,0,1843,1816.5,1625.5,1418.75,1457.5,1276.666667,1885,1915,1815,1735,1865,1830,1860,1780,1760,1720,,
10/14/2021 15:00,10/14/2021,1855,0,1842,1830.5,1649,1429.083333,1457.5,1276.666667,1860,1885,1915,1815,1735,1865,1830,1860,1780,1760,,
10/15/2021 15:00,10/15/2021,1860,0,1866,1840,1672.25,1439.166667,1496,1276.666667,1855,1860,1885,1915,1815,1735,1865,1830,1860,1780,,
10/18/2021 15:00,10/18/2021,1875,0,1875,1848,1698.5,1449.5,1496,1276.666667,1860,1855,1860,1885,1915,1815,1735,1865,1830,1860,,
10/19/2021 15:00,10/19/2021,1855,0,1867,1849.5,1726.25,1458.5,1535,1415,1875,1860,1855,1860,1885,1915,1815,1735,1865,1830,,
10/21/2021 15:00,10/21/2021,1755,0,1861,1852,1751.75,1467.666667,1535,1415,1855,1875,1860,1855,1860,1885,1915,1815,1735,1865,,
10/22/2021 15:00,10/22/2021,1735,0,1840,1841,1769.5,1475.583333,1535,1415,1755,1855,1875,1860,1855,1860,1885,1915,1815,1735,,
10/25/2021 15:00,10/25/2021,1745,0.9375,1816,1841,1785.5,1483.25,1535,1415,1735,1755,1855,1875,1860,1855,1860,1885,1915,1815,,1745
10/26/2021 15:00,10/26/2021,1765,0,1793,1834,1797.75,1491.166667,1535,1468.333333,1745,1735,1755,1855,1875,1860,1855,1860,1885,1915,,
10/27/2021 15:00,10/27/2021,1730,0,1771,1819,1810.5,1498.5,1535,1468.333333,1765,1745,1735,1755,1855,1875,1860,1855,1860,1885,,
10/28/2021 15:00,10/28/2021,1630,0,1746,1803.5,1810,1505.083333,1535,1468.333333,1730,1765,1745,1735,1755,1855,1875,1860,1855,1860,,
10/29/2021 15:00,10/29/2021,1680,0,1721,1780.5,1805.5,1509.416667,1583.333333,1468.333333,1630,1730,1765,1745,1735,1755,1855,1875,1860,1855,,
11/1/2021 15:00,11/1/2021,1685,0,1710,1763,1801.5,1514.916667,1583.333333,1502.5,1680,1630,1730,1765,1745,1735,1755,1855,1875,1860,,
11/2/2021 15:00,11/2/2021,1645,0,1698,1745.5,1796.75,1520.333333,1583.333333,1502.5,1685,1680,1630,1730,1765,1745,1735,1755,1855,1875,,
11/3/2021 15:00,11/3/2021,1675,0,1674,1722.5,1786,1526.083333,1583.333333,1502.5,1645,1685,1680,1630,1730,1765,1745,1735,1755,1855,,
11/4/2021 15:00,11/4/2021,1675,0,1663,1704.5,1778.25,1532.5,1583.333333,1502.5,1675,1645,1685,1680,1630,1730,1765,1745,1735,1755,,
11/5/2021 15:00,11/5/2021,1645,0,1672,1696.5,1768.75,1538.75,1583.333333,1502.5,1675,1675,1645,1685,1680,1630,1730,1765,1745,1735,,
11/8/2021 15:00,11/8/2021,1695,0,1665,1687.5,1764.25,1543.833333,1583.333333,1502.5,1645,1675,1675,1645,1685,1680,1630,1730,1765,1745,,
11/9/2021 15:00,11/9/2021,1705,0.111111111,1667,1682.5,1758.25,1548.583333,1583.333333,1502.5,1695,1645,1675,1675,1645,1685,1680,1630,1730,1765,,1705
11/10/2021 15:00,11/10/2021,1690,0,1679,1676.5,1747.75,1553.916667,1688.333333,1502.5,1705,1695,1645,1675,1675,1645,1685,1680,1630,1730,,
11/11/2021 15:00,11/11/2021,1685,-0.023263889,1682,1672.5,1738,1559.333333,1688.333333,1502.5,1690,1705,1695,1645,1675,1675,1645,1685,1680,1630,1685,
11/12/2021 15:00,11/12/2021,1685,0,1684,1678,1729.25,1565.083333,1688.333333,1534,1685,1690,1705,1695,1645,1675,1675,1645,1685,1680,,
11/15/2021 15:00,11/15/2021,1610,0,1692,1678.5,1720.75,1571.583333,1691.25,1534,1685,1685,1690,1705,1695,1645,1675,1675,1645,1685,,
11/16/2021 15:00,11/16/2021,1615,0,1675,1671,1708.25,1577.333333,1691.25,1534,1610,1685,1685,1690,1705,1695,1645,1675,1675,1645,,
11/17/2021 15:00,11/17/2021,1640,0,1657,1668,1695.25,1582.333333,1691.25,1541.666667,1615,1610,1685,1685,1690,1705,1695,1645,1675,1675,,
11/18/2021 15:00,11/18/2021,1625,0,1647,1664.5,1684.5,1588.666667,1691.25,1541.666667,1640,1615,1610,1685,1685,1690,1705,1695,1645,1675,,
11/19/2021 15:00,11/19/2021,1645,0,1635,1659.5,1678,1594.833333,1691.25,1541.666667,1625,1640,1615,1610,1685,1685,1690,1705,1695,1645,,
11/22/2021 15:00,11/22/2021,1640,0,1627,1659.5,1673.5,1600.916667,1691.25,1541.666667,1645,1625,1640,1615,1610,1685,1685,1690,1705,1695,,
11/23/2021 15:00,11/23/2021,1705,0,1633,1654,1668.25,1607.5,1691.25,1601,1640,1645,1625,1640,1615,1610,1685,1685,1690,1705,,
11/24/2021 15:00,11/24/2021,1695,0,1651,1654,1665.25,1614.25,1691.25,1601,1705,1640,1645,1625,1640,1615,1610,1685,1685,1690,,
11/25/2021 15:00,11/25/2021,1745,0,1662,1654.5,1663.5,1621.5,1691.25,1601,1695,1705,1640,1645,1625,1640,1615,1610,1685,1685,,
11/26/2021 15:00,11/26/2021,1655,0,1686,1660.5,1669.25,1628.583333,1691.25,1601,1745,1695,1705,1640,1645,1625,1640,1615,1610,1685,,
11/29/2021 15:00,11/29/2021,1690,0,1688,1657.5,1668,1634.166667,1691.25,1601,1655,1745,1695,1705,1640,1645,1625,1640,1615,1610,,
11/30/2021 15:00,11/30/2021,1700,0,1698,1665.5,1668.25,1639.75,1691.25,1602.5,1690,1655,1745,1695,1705,1640,1645,1625,1640,1615,,
12/1/2021 15:00,12/1/2021,1755,0,1697,1674,1671,1645.333333,1795,1602.5,1700,1690,1655,1745,1695,1705,1640,1645,1625,1640,,
12/2/2021 15:00,12/2/2021,1810,1.922222222,1709,1685.5,1675,1652.166667,1795,1602.5,1755,1700,1690,1655,1745,1695,1705,1640,1645,1625,,1810
12/3/2021 15:00,12/3/2021,1815,0,1722,1704,1681.75,1660.166667,1795,1602.5,1810,1755,1700,1690,1655,1745,1695,1705,1640,1645,,
12/6/2021 15:00,12/6/2021,1910,0,1754,1721,1690.25,1667.666667,1795,1602.5,1815,1810,1755,1700,1690,1655,1745,1695,1705,1640,,
12/7/2021 15:00,12/7/2021,1905,0,1798,1748,1701,1677,1795,1602.5,1910,1815,1810,1755,1700,1690,1655,1745,1695,1705,,
12/8/2021 15:00,12/8/2021,1925,0,1839,1768,1711,1686.416667,1795,1657,1905,1910,1815,1810,1755,1700,1690,1655,1745,1695,,
12/9/2021 15:00,12/9/2021,1935,0.272727273,1873,1791,1722.75,1695.416667,1795,1657,1925,1905,1910,1815,1810,1755,1700,1690,1655,1745,,1935
12/10/2021 15:00,12/10/2021,1920,0.875,1898,1810,1735.25,1704.5,1795,1657,1935,1925,1905,1910,1815,1810,1755,1700,1690,1655,,1920
12/13/2021 15:00,12/13/2021,1920,0,1919,1836.5,1747,1713.333333,1795,1657,1920,1935,1925,1905,1910,1815,1810,1755,1700,1690,,
12/14/2021 15:00,12/14/2021,1920,0,1921,1859.5,1762.5,1723.083333,1795,1657,1920,1920,1935,1925,1905,1910,1815,1810,1755,1700,,
12/15/2021 15:00,12/15/2021,2020,0,1924,1881.5,1777.75,1733.083333,1795,1657,1920,1920,1920,1935,1925,1905,1910,1815,1810,1755,,
12/16/2021 15:00,12/16/2021,2040,0,1943,1908,1796.75,1744.333333,1795,1657,2020,1920,1920,1920,1935,1925,1905,1910,1815,1810,,
12/17/2021 15:00,12/17/2021,2050,0,1964,1931,1817.5,1755,1795,1657,2040,2020,1920,1920,1920,1935,1925,1905,1910,1815,,
12/20/2021 15:00,12/20/2021,2050,-0.01875,1990,1954.5,1837.75,1765.583333,1795,1657,2050,2040,2020,1920,1920,1920,1935,1925,1905,1910,2050,
12/21/2021 15:00,12/21/2021,2120,0,2016,1968.5,1858.25,1774.75,1795,1657,2050,2050,2040,2020,1920,1920,1920,1935,1925,1905,,
12/22/2021 15:00,12/22/2021,2150,0,2056,1990,1879,1784.916667,1795,1657,2120,2050,2050,2040,2020,1920,1920,1920,1935,1925,,
12/23/2021 15:00,12/23/2021,2150,0,2082,2012.5,1901.75,1791.75,1795,1657,2150,2120,2050,2050,2040,2020,1920,1920,1920,1935,,
12/24/2021 15:00,12/24/2021,2220,0.127840909,2104,2034,1922,1798.916667,1795,1657,2150,2150,2120,2050,2050,2040,2020,1920,1920,1920,,2220
12/27/2021 15:00,12/27/2021,2180,0,2138,2064,1950.25,1806.583333,1795,1657,2220,2150,2150,2120,2050,2050,2040,2020,1920,1920,,
12/28/2021 15:00,12/28/2021,2300,0.05,2164,2090,1974.75,1813.25,1795,1657,2180,2220,2150,2150,2120,2050,2050,2040,2020,1920,,2300
12/29/2021 15:00,12/29/2021,2310,0,2200,2128,2004.75,1820.583333,1795,1657,2300,2180,2220,2150,2150,2120,2050,2050,2040,2020,,
12/30/2021 15:00,12/30/2021,2250,-0.2,2232,2157,2032.5,1828.583333,1928.75,1657,2310,2300,2180,2220,2150,2150,2120,2050,2050,2040,2250,
1/3/2022 15:00,1/3/2022,2370,0,2252,2178,2054.5,1835,1928.75,1657,2250,2310,2300,2180,2220,2150,2150,2120,2050,2050,,
1/4/2022 15:00,1/4/2022,2300,0.436666667,2282,2210,2082.25,1845.583333,1928.75,1657,2370,2250,2310,2300,2180,2220,2150,2150,2120,2050,,2300
1/5/2022 15:00,1/5/2022,2240,0.5625,2306,2235,2101.75,1853.666667,1928.75,1657,2300,2370,2250,2310,2300,2180,2220,2150,2150,2120,,2240
1/6/2022 15:00,1/6/2022,2300,4.283333333,2294,2247,2118.5,1859.083333,1928.75,1657,2240,2300,2370,2250,2310,2300,2180,2220,2150,2150,,2300
1/7/2022 15:00,1/7/2022,2430,0,2292,2262,2137.25,1866,1925,1657,2300,2240,2300,2370,2250,2310,2300,2180,2220,2150,,
1/10/2022 15:00,1/10/2022,2400,0,2328,2290,2162,1875.5,1925,1657,2430,2300,2240,2300,2370,2250,2310,2300,2180,2220,,
1/11/2022 15:00,1/11/2022,2340,0,2334,2308,2186,1884.583333,1925,1657,2400,2430,2300,2240,2300,2370,2250,2310,2300,2180,,
1/12/2022 15:00,1/12/2022,2310,0,2342,2324,2207,1892.583333,1925,1657,2340,2400,2430,2300,2240,2300,2370,2250,2310,2300,,
1/13/2022 15:00,1/13/2022,2280,0,2356,2325,2226.5,1899.833333,1925,1613.75,2310,2340,2400,2430,2300,2240,2300,2370,2250,2310,,
1/14/2022 15:00,1/14/2022,2270,0,2352,2322,2239.5,1906.916667,2038.75,1613.75,2280,2310,2340,2400,2430,2300,2240,2300,2370,2250,,
1/17/2022 15:00,1/17/2022,2260,0,2320,2324,2251,1915.5,2038.75,1613.75,2270,2280,2310,2340,2400,2430,2300,2240,2300,2370,,
1/18/2022 15:00,1/18/2022,2220,0,2292,2313,2261.5,1924.25,2038.75,1613.75,2260,2270,2280,2310,2340,2400,2430,2300,2240,2300,,
1/19/2022 15:00,1/19/2022,2230,0,2268,2305,2270,1932.166667,2038.75,1727,2220,2260,2270,2280,2310,2340,2400,2430,2300,2240,,
1/20/2022 15:00,1/20/2022,2310,0,2252,2304,2275.5,1939.916667,2038.75,1727,2230,2220,2260,2270,2280,2310,2340,2400,2430,2300,,
1/21/2022 15:00,1/21/2022,2310,0,2258,2305,2283.5,1949.583333,2038.75,1727,2310,2230,2220,2260,2270,2280,2310,2340,2400,2430,,
1/24/2022 15:00,1/24/2022,2270,0,2266,2293,2291.5,1960.916667,2038.75,1727,2310,2310,2230,2220,2260,2270,2280,2310,2340,2400,,
1/25/2022 15:00,1/25/2022,2210,0,2268,2280,2294,1970.75,2038.75,1757.5,2270,2310,2310,2230,2220,2260,2270,2280,2310,2340,,
1/26/2022 15:00,1/26/2022,2210,0,2266,2267,2295.5,1979.5,2038.75,1757.5,2210,2270,2310,2310,2230,2220,2260,2270,2280,2310,,
1/27/2022 15:00,1/27/2022,2310,0,2262,2257,2291,1988.916667,2038.75,1757.5,2210,2210,2270,2310,2310,2230,2220,2260,2270,2280,,
1/28/2022 15:00,1/28/2022,2280,0,2262,2260,2291,1999.5,2038.75,1757.5,2310,2210,2210,2270,2310,2310,2230,2220,2260,2270,,
1/31/2022 15:00,1/31/2022,2240,0,2256,2261,2292.5,2009.583333,2095,1757.5,2280,2310,2210,2210,2270,2310,2310,2230,2220,2260,,
2/2/2022 15:00,2/2/2022,2210,0,2250,2259,2286,2019.5,2095,1757.5,2240,2280,2310,2210,2210,2270,2310,2310,2230,2220,,
2/3/2022 15:00,2/3/2022,2220,0,2250,2258,2281.5,2028.083333,2095,1757.5,2210,2240,2280,2310,2210,2210,2270,2310,2310,2230,,
2/4/2022 15:00,2/4/2022,2180,0,2252,2257,2280.5,2036.666667,2182.5,1757.5,2220,2210,2240,2280,2310,2210,2210,2270,2310,2310,,
2/7/2022 15:00,2/7/2022,2200,0,2226,2244,2274.5,2044.833333,2182.5,1757.5,2180,2220,2210,2240,2280,2310,2210,2210,2270,2310,,
2/8/2022 15:00,2/8/2022,2200,0,2210,2233,2263,2053.416667,2182.5,1790,2200,2180,2220,2210,2240,2280,2310,2210,2210,2270,,
2/9/2022 15:00,2/9/2022,2210,0,2202,2226,2253,2062,2343.333333,1790,2200,2200,2180,2220,2210,2240,2280,2310,2210,2210,,
2/10/2022 15:00,2/10/2022,2160,0,2202,2226,2246.5,2072,2343.333333,1790,2210,2200,2200,2180,2220,2210,2240,2280,2310,2210,,
2/11/2022 15:00,2/11/2022,2170,0,2190,2221,2239,2081.083333,2343.333333,1895,2160,2210,2200,2200,2180,2220,2210,2240,2280,2310,,
2/14/2022 15:00,2/14/2022,2230,0,2188,2207,2233.5,2089.916667,2343.333333,1895,2170,2160,2210,2200,2200,2180,2220,2210,2240,2280,,
2/15/2022 15:00,2/15/2022,2290,0,2194,2202,2231.5,2100,2343.333333,1895,2230,2170,2160,2210,2200,2200,2180,2220,2210,2240,,
2/16/2022 15:00,2/16/2022,2240,0.55,2212,2207,2233,2110.75,2343.333333,1895,2290,2230,2170,2160,2210,2200,2200,2180,2220,2210,,2240
2/17/2022 15:00,2/17/2022,2220,-0.125,2218,2210,2234,2120.75,2343.333333,1895,2240,2290,2230,2170,2160,2210,2200,2200,2180,2220,2220,
2/18/2022 15:00,2/18/2022,2240,0,2230,2210,2233.5,2129.333333,2343.333333,1895,2220,2240,2290,2230,2170,2160,2210,2200,2200,2180,,
2/21/2022 15:00,2/21/2022,2220,0,2244,2216,2230,2138.416667,2343.333333,1895,2240,2220,2240,2290,2230,2170,2160,2210,2200,2200,,
2/22/2022 15:00,2/22/2022,2230,0.3,2242,2218,2225.5,2146.333333,2343.333333,1895,2220,2240,2220,2240,2290,2230,2170,2160,2210,2200,,2230
2/23/2022 15:00,2/23/2022,2320,0,2230,2221,2223.5,2155.916667,2343.333333,1895,2230,2220,2240,2220,2240,2290,2230,2170,2160,2210,,
2/24/2022 15:00,2/24/2022,2480,0,2246,2232,2229,2166.416667,2343.333333,2180,2320,2230,2220,2240,2220,2240,2290,2230,2170,2160,,
2/25/2022 15:00,2/25/2022,2450,0,2298,2264,2242.5,2179.416667,2343.333333,2180,2480,2320,2230,2220,2240,2220,2240,2290,2230,2170,,
3/1/2022 15:00,3/1/2022,2580,0,2340,2292,2249.5,2191,2343.333333,2180,2450,2480,2320,2230,2220,2240,2220,2240,2290,2230,,
3/2/2022 15:00,3/2/2022,2610,0,2412,2327,2264.5,2203.833333,2343.333333,2180,2580,2450,2480,2320,2230,2220,2240,2220,2240,2290,,
3/4/2022 15:00,3/4/2022,3040,0,2488,2359,2283,2217.083333,2343.333333,2180,2610,2580,2450,2480,2320,2230,2220,2240,2220,2240,,
3/7/2022 15:00,3/7/2022,3240,0,2632,2439,2324.5,2235.916667,2343.333333,2180,3040,2610,2580,2450,2480,2320,2230,2220,2240,2220,,
3/8/2022 15:00,3/8/2022,3120,0,2784,2541,2375.5,2258.166667,2575,2180,3240,3040,2610,2580,2450,2480,2320,2230,2220,2240,,
3/9/2022 15:00,3/9/2022,3080,-0.125,2918,2629,2422.5,2278.083333,2575,2180,3120,3240,3040,2610,2580,2450,2480,2320,2230,2220,3080,
3/10/2022 15:00,3/10/2022,2980,0.45,3018,2715,2466.5,2297.166667,2575,2180,3080,3120,3240,3040,2610,2580,2450,2480,2320,2230,,2980
3/11/2022 15:00,3/11/2022,3000,0.002777778,3092,2790,2505.5,2314.833333,2575,2525,2980,3080,3120,3240,3040,2610,2580,2450,2480,2320,,3000
3/14/2022 15:00,3/14/2022,2790,0,3084,2858,2545,2332.833333,2575,2525,3000,2980,3080,3120,3240,3040,2610,2580,2450,2480,,
3/15/2022 15:00,3/15/2022,2710,0,2994,2889,2576.5,2347.333333,2575,2525,2790,3000,2980,3080,3120,3240,3040,2610,2580,2450,,
3/16/2022 15:00,3/16/2022,2820,0,2912,2915,2603.5,2358.833333,2575,2566.666667,2710,2790,3000,2980,3080,3120,3240,3040,2610,2580,,
3/17/2022 15:00,3/17/2022,2740,0.3625,2860,2939,2633,2371.833333,2575,2566.666667,2820,2710,2790,3000,2980,3080,3120,3240,3040,2610,,2740
3/18/2022 15:00,3/18/2022,2720,0,2812,2952,2655.5,2383.333333,2575,2566.666667,2740,2820,2710,2790,3000,2980,3080,3120,3240,3040,,
3/21/2022 15:00,3/21/2022,2720,0,2756,2920,2679.5,2394.5,2575,2566.666667,2720,2740,2820,2710,2790,3000,2980,3080,3120,3240,,
3/22/2022 15:00,3/22/2022,2800,0,2742,2868,2704.5,2404.5,2575,2600,2720,2720,2740,2820,2710,2790,3000,2980,3080,3120,,
3/23/2022 15:00,3/23/2022,2800,0,2760,2836,2732.5,2415.333333,2575,2600,2800,2720,2720,2740,2820,2710,2790,3000,2980,3080,,
3/24/2022 15:00,3/24/2022,2880,0,2756,2808,2761.5,2426.166667,2575,2600,2800,2800,2720,2720,2740,2820,2710,2790,3000,2980,,
3/25/2022 15:00,3/25/2022,2820,0,2784,2798,2794,2437.166667,2640,2600,2880,2800,2800,2720,2720,2740,2820,2710,2790,3000,,
3/28/2022 15:00,3/28/2022,2860,0,2804,2780,2819,2447.833333,2640,2600,2820,2880,2800,2800,2720,2720,2740,2820,2710,2790,,
3/29/2022 15:00,3/29/2022,2770,0,2832,2787,2838,2457.166667,2640,2600,2860,2820,2880,2800,2800,2720,2720,2740,2820,2710,,
3/30/2022 15:00,3/30/2022,2680,0,2826,2793,2854,2464.833333,2717.5,2600,2770,2860,2820,2880,2800,2800,2720,2720,2740,2820,,
3/31/2022 15:00,3/31/2022,2690,0,2802,2779,2859,2472,2717.5,2600,2680,2770,2860,2820,2880,2800,2800,2720,2720,2740,,
4/1/2022 15:00,4/1/2022,2810,0,2764,2774,2863,2477.333333,2717.5,2600,2690,2680,2770,2860,2820,2880,2800,2800,2720,2720,,
4/4/2022 15:00,4/4/2022,2810,0,2762,2783,2851.5,2485.833333,2717.5,2600,2810,2690,2680,2770,2860,2820,2880,2800,2800,2720,,
4/5/2022 15:00,4/5/2022,3000,0,2752,2792,2830,2495.333333,2717.5,2600,2810,2810,2690,2680,2770,2860,2820,2880,2800,2800,,
4/6/2022 15:00,4/6/2022,3070,0,2798,2812,2824,2507,2717.5,2600,3000,2810,2810,2690,2680,2770,2860,2820,2880,2800,,
4/7/2022 15:00,4/7/2022,3050,0,2876,2839,2823.5,2517.666667,2717.5,2600,3070,3000,2810,2810,2690,2680,2770,2860,2820,2880,,
4/8/2022 15:00,4/8/2022,3160,0,2948,2856,2827,2528.5,2717.5,2600,3050,3070,3000,2810,2810,2690,2680,2770,2860,2820,,
4/11/2022 15:00,4/11/2022,3140,0,3018,2890,2835,2542.166667,2717.5,2600,3160,3050,3070,3000,2810,2810,2690,2680,2770,2860,,
4/12/2022 15:00,4/12/2022,3140,0,3084,2918,2852.5,2556,2717.5,2600,3140,3160,3050,3070,3000,2810,2810,2690,2680,2770,,
4/13/2022 15:00,4/13/2022,3350,0,3112,2955,2874,2570.333333,2830,2600,3140,3140,3160,3050,3070,3000,2810,2810,2690,2680,,
4/14/2022 15:00,4/14/2022,3310,0,3168,3022,2900.5,2588.333333,2830,2600,3350,3140,3140,3160,3050,3070,3000,2810,2810,2690,,
4/18/2022 15:00,4/18/2022,3290,0,3220,3084,2929,2605.833333,2830,2600,3310,3350,3140,3140,3160,3050,3070,3000,2810,2810,,
4/19/2022 15:00,4/19/2022,3270,-0.033333333,3246,3132,2957.5,2623.666667,2830,2740,3290,3310,3350,3140,3140,3160,3050,3070,3000,2810,3270,
4/20/2022 15:00,4/20/2022,3230,-0.066666667,3272,3178,2985,2641,2830,2740,3270,3290,3310,3350,3140,3140,3160,3050,3070,3000,3230,
4/21/2022 15:00,4/21/2022,3270,0.3,3290,3201,3006.5,2656.333333,2830,2740,3230,3270,3290,3310,3350,3140,3140,3160,3050,3070,,3270
4/22/2022 15:00,4/22/2022,3210,1.232121212,3274,3221,3030,2672.333333,2830,2740,3270,3230,3270,3290,3310,3350,3140,3140,3160,3050,,3210
4/25/2022 15:00,4/25/2022,3210,0.1,3254,3237,3046.5,2688,2830,2740,3210,3270,3230,3270,3290,3310,3350,3140,3140,3160,,3210
4/26/2022 15:00,4/26/2022,3160,0.166666667,3238,3242,3066,2704.666667,2830,2740,3210,3210,3270,3230,3270,3290,3310,3350,3140,3140,,3160
4/27/2022 15:00,4/27/2022,3170,0.6,3216,3244,3081,2720.5,2830,2825,3160,3210,3210,3270,3230,3270,3290,3310,3350,3140,,3170
4/28/2022 15:00,4/28/2022,3340,-0.166666667,3204,3247,3101,2734.833333,2830,2825,3170,3160,3210,3210,3270,3230,3270,3290,3310,3350,3340,
5/9/2022 15:00,5/9/2022,3160,0,3218,3246,3134,2752.5,3085,2825,3340,3170,3160,3210,3210,3270,3230,3270,3290,3310,,
5/10/2022 15:00,5/10/2022,3090,0,3208,3231,3157.5,2767.833333,3085,2825,3160,3340,3170,3160,3210,3210,3270,3230,3270,3290,,
5/11/2022 15:00,5/11/2022,3150,0,3184,3211,3171.5,2782.5,3085,2856,3090,3160,3340,3170,3160,3210,3210,3270,3230,3270,,
5/12/2022 15:00,5/12/2022,3150,0,3182,3199,3188.5,2798,3085,2856,3150,3090,3160,3340,3170,3160,3210,3210,3270,3230,,
5/13/2022 15:00,5/13/2022,3210,0,3178,3191,3196,2814.166667,3085,2893.333333,3150,3150,3090,3160,3340,3170,3160,3210,3210,3270,,
5/17/2022 15:00,5/17/2022,3220,0,3152,3185,3203,2831,3085,2893.333333,3210,3150,3150,3090,3160,3340,3170,3160,3210,3210,,
5/18/2022 15:00,5/18/2022,3190,0.3,3164,3186,3211.5,2848,3085,2893.333333,3220,3210,3150,3150,3090,3160,3340,3170,3160,3210,,3190
5/19/2022 15:00,5/19/2022,3110,0.3,3184,3184,3213,2864.333333,3085,2893.333333,3190,3220,3210,3150,3150,3090,3160,3340,3170,3160,,3110
5/20/2022 15:00,5/20/2022,3310,0,3176,3179,3211.5,2880.166667,3085,2915.714286,3110,3190,3220,3210,3150,3150,3090,3160,3340,3170,,
5/23/2022 15:00,5/23/2022,3150,0,3208,3193,3220,2899.166667,3183.333333,2915.714286,3310,3110,3190,3220,3210,3150,3150,3090,3160,3340,,
5/24/2022 15:00,5/24/2022,3200,0,3196,3174,3210,2914.5,3183.333333,2940,3150,3310,3110,3190,3220,3210,3150,3150,3090,3160,,
5/25/2022 15:00,5/25/2022,3100,0,3192,3178,3204.5,2929.666667,3183.333333,2940,3200,3150,3310,3110,3190,3220,3210,3150,3150,3090,,
5/27/2022 15:00,5/27/2022,3160,0,3174,3179,3195,2944,3183.333333,2954.444444,3100,3200,3150,3310,3110,3190,3220,3210,3150,3150,,
5/30/2022 15:00,5/30/2022,3060,0,3184,3180,3189.5,2959.666667,3183.333333,2954.444444,3160,3100,3200,3150,3310,3110,3190,3220,3210,3150,,
5/31/2022 15:00,5/31/2022,3270,0,3134,3171,3181,2973.333333,3183.333333,2962,3060,3160,3100,3200,3150,3310,3110,3190,3220,3210,,
6/2/2022 15:00,6/2/2022,3330,0.5,3158,3177,3181,2990.833333,3183.333333,2962,3270,3060,3160,3100,3200,3150,3310,3110,3190,3220,,3330
6/3/2022 15:00,6/3/2022,3520,0,3184,3188,3187,3009.166667,3183.333333,2962,3330,3270,3060,3160,3100,3200,3150,3310,3110,3190,,
6/6/2022 15:00,6/6/2022,3460,0,3268,3221,3202.5,3029.166667,3183.333333,2962,3520,3330,3270,3060,3160,3100,3200,3150,3310,3110,,
6/7/2022 15:00,6/7/2022,3650,0.566666667,3328,3256,3217.5,3045.5,3183.333333,2962,3460,3520,3330,3270,3060,3160,3100,3200,3150,3310,,3650
6/8/2022 15:00,6/8/2022,3630,0.3,3446,3290,3241.5,3065.5,3315,2962,3650,3460,3520,3330,3270,3060,3160,3100,3200,3150,,3630
6/9/2022 15:00,6/9/2022,3600,0,3518,3338,3256,3083,3315,2962,3630,3650,3460,3520,3330,3270,3060,3160,3100,3200,,
6/10/2022 15:00,6/10/2022,3430,0,3572,3378,3278,3099.5,3390,2962,3600,3630,3650,3460,3520,3330,3270,3060,3160,3100,,
6/13/2022 15:00,6/13/2022,3190,0,3554,3411,3295,3106,3390,2962,3430,3600,3630,3650,3460,3520,3330,3270,3060,3160,,
6/14/2022 15:00,6/14/2022,3260,0.078571429,3500,3414,3297,3105.166667,3420,2962,3190,3430,3600,3630,3650,3460,3520,3330,3270,3060,,3260
6/15/2022 15:00,6/15/2022,3040,0.2,3422,3434,3302.5,3107.5,3420,2962,3260,3190,3430,3600,3630,3650,3460,3520,3330,3270,,3040
6/16/2022 15:00,6/16/2022,3060,0,3304,3411,3294,3106.833333,3420,2962,3040,3260,3190,3430,3600,3630,3650,3460,3520,3330,,
6/17/2022 15:00,6/17/2022,2920,0.3,3196,3384,3286,3108.166667,3420,2972.222222,3060,3040,3260,3190,3430,3600,3630,3650,3460,3520,,2920
