datetime,date,price,sentiment,MA5,MA10,MA20,MA60,resist,support,price lag-1,price lag-2,price lag-3,price lag-4,price lag-5,price lag-6,price lag-7,price lag-8,price lag-9,price lag-10
1/4/2021 15:00,1/4/2021,2790,0,2850,2955,2793.5,2301.5,2362,2191.666667,2810,2890,2850,2820,2880,3040,2980,3040,3170,3070
1/5/2021 15:00,1/5/2021,2770,0,2832,2927,2815,2315.166667,2362,2303.75,2790,2810,2890,2850,2820,2880,3040,2980,3040,3170
1/6/2021 15:00,1/6/2021,2680,0,2822,2887,2832,2328,2447.5,2303.75,2770,2790,2810,2890,2850,2820,2880,3040,2980,3040
1/7/2021 15:00,1/7/2021,2820,0,2788,2851,2843.5,2339.833333,2447.5,2303.75,2680,2770,2790,2810,2890,2850,2820,2880,3040,2980
1/8/2021 15:00,1/8/2021,2850,0,2774,2835,2862.5,2354.333333,2447.5,2367,2820,2680,2770,2790,2810,2890,2850,2820,2880,3040
1/11/2021 15:00,1/11/2021,2910,0,2782,2816,2881,2369,2558,2367,2850,2820,2680,2770,2790,2810,2890,2850,2820,2880
1/12/2021 15:00,1/12/2021,2860,0,2806,2819,2892.5,2384.75,2558,2367,2910,2850,2820,2680,2770,2790,2810,2890,2850,2820
1/13/2021 15:00,1/13/2021,3040,0,2824,2823,2894.5,2399.25,2558,2367,2860,2910,2850,2820,2680,2770,2790,2810,2890,2850
1/14/2021 15:00,1/14/2021,3000,0.2,2896,2842,2906.5,2416.833333,2558,2367,3040,2860,2910,2850,2820,2680,2770,2790,2810,2890
1/15/2021 15:00,1/15/2021,2940,0,2932,2853,2916,2433.166667,2648.333333,2367,3000,3040,2860,2910,2850,2820,2680,2770,2790,2810
1/18/2021 15:00,1/18/2021,2950,0.084469697,2950,2866,2910.5,2448.333333,2648.333333,2367,2940,3000,3040,2860,2910,2850,2820,2680,2770,2790
1/19/2021 15:00,1/19/2021,2850,0,2958,2882,2904.5,2463.333333,2701.428571,2367,2950,2940,3000,3040,2860,2910,2850,2820,2680,2770
1/20/2021 15:00,1/20/2021,2880,-0.5,2956,2890,2888.5,2477.333333,2701.428571,2367,2850,2950,2940,3000,3040,2860,2910,2850,2820,2680
1/21/2021 15:00,1/21/2021,2860,0,2924,2910,2880.5,2491.166667,2701.428571,2367,2880,2850,2950,2940,3000,3040,2860,2910,2850,2820
1/22/2021 15:00,1/22/2021,2770,0,2896,2914,2874.5,2504.666667,2805,2367,2860,2880,2850,2950,2940,3000,3040,2860,2910,2850
1/25/2021 15:00,1/25/2021,2700,0,2862,2906,2861,2517.333333,2805,2367,2770,2860,2880,2850,2950,2940,3000,3040,2860,2910
1/26/2021 15:00,1/26/2021,2760,0,2812,2885,2852,2529,2805,2367,2700,2770,2860,2880,2850,2950,2940,3000,3040,2860
1/27/2021 15:00,1/27/2021,2680,0,2794,2875,2849,2542.25,2805,2367,2760,2700,2770,2860,2880,2850,2950,2940,3000,3040
1/28/2021 15:00,1/28/2021,2590,0.8,2754,2839,2840.5,2554.25,2811.428571,2367,2680,2760,2700,2770,2860,2880,2850,2950,2940,3000
1/29/2021 15:00,1/29/2021,2580,0,2700,2798,2825.5,2564.583333,2811.428571,2367,2590,2680,2760,2700,2770,2860,2880,2850,2950,2940
2/1/2021 15:00,2/1/2021,2610,0,2662,2762,2814,2574.916667,2811.428571,2367,2580,2590,2680,2760,2700,2770,2860,2880,2850,2950
2/2/2021 15:00,2/2/2021,2490,0,2644,2728,2805,2586.083333,2811.428571,2467,2610,2580,2590,2680,2760,2700,2770,2860,2880,2850
2/3/2021 15:00,2/3/2021,2410,0,2590,2692,2791,2595.083333,2811.428571,2467,2490,2610,2580,2590,2680,2760,2700,2770,2860,2880
2/4/2021 15:00,2/4/2021,2480,0,2536,2645,2777.5,2603,2811.428571,2600,2410,2490,2610,2580,2590,2680,2760,2700,2770,2860
2/5/2021 15:00,2/5/2021,2560,0.8,2514,2607,2760.5,2611.5,2811.428571,2600,2480,2410,2490,2610,2580,2590,2680,2760,2700,2770
2/8/2021 15:00,2/8/2021,2610,0,2510,2586,2746,2621,2811.428571,2600,2560,2480,2410,2490,2610,2580,2590,2680,2760,2700
2/9/2021 15:00,2/9/2021,2590,0,2510,2577,2731,2631,2811.428571,2600,2610,2560,2480,2410,2490,2610,2580,2590,2680,2760
2/10/2021 15:00,2/10/2021,2550,0,2530,2560,2717.5,2640.5,2811.428571,2600,2590,2610,2560,2480,2410,2490,2610,2580,2590,2680
2/11/2021 15:00,2/11/2021,2590,0,2558,2547,2693,2648.5,2930,2600,2550,2590,2610,2560,2480,2410,2490,2610,2580,2590
2/15/2021 15:00,2/15/2021,2600,0,2580,2547,2672.5,2657.666667,2930,2600,2590,2550,2590,2610,2560,2480,2410,2490,2610,2580
2/16/2021 15:00,2/16/2021,2600,0,2588,2549,2655.5,2667,2930,2600,2600,2590,2550,2590,2610,2560,2480,2410,2490,2610
2/17/2021 15:00,2/17/2021,2560,0,2586,2548,2638,2674.833333,2930,2600,2600,2600,2590,2550,2590,2610,2560,2480,2410,2490
2/18/2021 15:00,2/18/2021,2560,0,2580,2555,2623.5,2682.333333,2930,2600,2560,2600,2600,2590,2550,2590,2610,2560,2480,2410
2/19/2021 15:00,2/19/2021,2550,0,2582,2570,2607.5,2689.833333,2930,2600,2560,2560,2600,2600,2590,2550,2590,2610,2560,2480
2/22/2021 15:00,2/22/2021,2740,0,2574,2577,2592,2695.166667,2930,2600,2550,2560,2560,2600,2600,2590,2550,2590,2610,2560
2/23/2021 15:00,2/23/2021,2720,0,2602,2595,2590.5,2704.333333,2930,2600,2740,2550,2560,2560,2600,2600,2590,2550,2590,2610
2/24/2021 15:00,2/24/2021,2630,0,2626,2606,2591.5,2711.666667,2930,2600,2720,2740,2550,2560,2560,2600,2600,2590,2550,2590
2/25/2021 15:00,2/25/2021,2680,0,2640,2610,2585,2717.5,2930,2600,2630,2720,2740,2550,2560,2560,2600,2600,2590,2550
2/26/2021 15:00,2/26/2021,2710,0.125,2664,2623,2585,2724.166667,2930,2600,2680,2630,2720,2740,2550,2560,2560,2600,2600,2590
3/1/2021 15:00,3/1/2021,2720,0.133167614,2696,2635,2591,2730,2930,2600,2710,2680,2630,2720,2740,2550,2560,2560,2600,2600
3/2/2021 15:00,3/2/2021,2730,0,2692,2647,2598,2735.166667,2930,2600,2720,2710,2680,2630,2720,2740,2550,2560,2560,2600
3/3/2021 15:00,3/3/2021,2710,0,2694,2660,2604,2741.333333,3010,2600,2730,2720,2710,2680,2630,2720,2740,2550,2560,2560
3/4/2021 15:00,3/4/2021,2710,0,2710,2675,2615,2746,3010,2600,2710,2730,2720,2710,2680,2630,2720,2740,2550,2560
3/5/2021 15:00,3/5/2021,2710,0,2716,2690,2630,2750.333333,3010,2612,2710,2710,2730,2720,2710,2680,2630,2720,2740,2550
3/8/2021 15:00,3/8/2021,2680,0,2716,2706,2641.5,2754.833333,3010,2612,2710,2710,2710,2730,2720,2710,2680,2630,2720,2740
3/9/2021 15:00,3/9/2021,2610,0,2708,2700,2647.5,2758.166667,3010,2612,2680,2710,2710,2710,2730,2720,2710,2680,2630,2720
3/10/2021 15:00,3/10/2021,2600,0,2684,2689,2647.5,2757,3010,2612,2610,2680,2710,2710,2710,2730,2720,2710,2680,2630
3/12/2021 15:00,3/12/2021,2730,0,2662,2686,2648,2753.333333,3010,2612,2600,2610,2680,2710,2710,2710,2730,2720,2710,2680
3/15/2021 15:00,3/15/2021,2740,0,2666,2691,2657,2752.166667,3010,2612,2730,2600,2610,2680,2710,2710,2710,2730,2720,2710
3/16/2021 15:00,3/16/2021,2710,0,2672,2694,2664.5,2751,3010,2612,2740,2730,2600,2610,2680,2710,2710,2710,2730,2720
3/17/2021 15:00,3/17/2021,2710,0,2678,2693,2670,2745.333333,3010,2612,2710,2740,2730,2600,2610,2680,2710,2710,2710,2730
3/18/2021 15:00,3/18/2021,2750,0.8,2698,2691,2675.5,2739.333333,3010,2612,2710,2710,2740,2730,2600,2610,2680,2710,2710,2710
3/19/2021 15:00,3/19/2021,2760,0,2728,2695,2685,2732.333333,3010,2612,2750,2710,2710,2740,2730,2600,2610,2680,2710,2710
3/22/2021 15:00,3/22/2021,2770,0,2734,2700,2695,2727.666667,3010,2612,2760,2750,2710,2710,2740,2730,2600,2610,2680,2710
3/23/2021 15:00,3/23/2021,2800,0.2,2740,2706,2706,2724.166667,2986.666667,2612,2770,2760,2750,2710,2710,2740,2730,2600,2610,2680
3/24/2021 15:00,3/24/2021,2740,0,2758,2718,2709,2720.166667,2968,2612,2800,2770,2760,2750,2710,2710,2740,2730,2600,2610
3/25/2021 15:00,3/25/2021,2690,0,2764,2731,2710,2717.833333,2968,2612,2740,2800,2770,2760,2750,2710,2710,2740,2730,2600
3/26/2021 15:00,3/26/2021,2700,0,2752,2740,2713,2715.666667,2968,2590,2690,2740,2800,2770,2760,2750,2710,2710,2740,2730
3/29/2021 15:00,3/29/2021,2680,0,2740,2737,2714,2713.166667,2968,2590,2700,2690,2740,2800,2770,2760,2750,2710,2710,2740
3/30/2021 15:00,3/30/2021,2630,0,2722,2731,2712.5,2709.666667,2968,2590,2680,2700,2690,2740,2800,2770,2760,2750,2710,2710
3/31/2021 15:00,3/31/2021,2620,0,2688,2723,2708,2706.666667,2968,2590,2630,2680,2700,2690,2740,2800,2770,2760,2750,2710
4/1/2021 15:00,4/1/2021,2650,0,2664,2714,2702.5,2703.833333,2968,2577.5,2620,2630,2680,2700,2690,2740,2800,2770,2760,2750
4/5/2021 15:00,4/5/2021,2540,0,2656,2704,2699.5,2701.833333,2968,2577.5,2650,2620,2630,2680,2700,2690,2740,2800,2770,2760
4/6/2021 15:00,4/6/2021,2520,0,2624,2682,2691,2699.5,2968,2577.5,2540,2650,2620,2630,2680,2700,2690,2740,2800,2770
4/7/2021 15:00,4/7/2021,2520,0,2592,2657,2681.5,2694.5,2968,2532.5,2520,2540,2650,2620,2630,2680,2700,2690,2740,2800
4/8/2021 15:00,4/8/2021,2540,0,2570,2629,2673.5,2689,2880,2532.5,2520,2520,2540,2650,2620,2630,2680,2700,2690,2740
4/9/2021 15:00,4/9/2021,2540,0,2554,2609,2670,2682.833333,2880,2532.5,2540,2520,2520,2540,2650,2620,2630,2680,2700,2690
4/12/2021 15:00,4/12/2021,2460,0,2532,2594,2667,2677.5,2880,2532.5,2540,2540,2520,2520,2540,2650,2620,2630,2680,2700
4/13/2021 15:00,4/13/2021,2460,0,2516,2570,2653.5,2667.833333,2880,2532.5,2460,2540,2540,2520,2520,2540,2650,2620,2630,2680
4/14/2021 15:00,4/14/2021,2420,0.625,2504,2548,2639.5,2658.833333,2825,2532.5,2460,2460,2540,2540,2520,2520,2540,2650,2620,2630
4/15/2021 15:00,4/15/2021,2370,0.136363636,2484,2527,2625,2650.166667,2825,2532.5,2420,2460,2460,2540,2540,2520,2520,2540,2650,2620
4/16/2021 15:00,4/16/2021,2380,0,2450,2502,2608,2640.5,2760,2498,2370,2420,2460,2460,2540,2540,2520,2520,2540,2650
4/19/2021 15:00,4/19/2021,2420,0,2418,2475,2589.5,2632.666667,2760,2498,2380,2370,2420,2460,2460,2540,2540,2520,2520,2540
4/20/2021 15:00,4/20/2021,2420,0,2410,2463,2572.5,2625,2760,2498,2420,2380,2370,2420,2460,2460,2540,2540,2520,2520
4/21/2021 15:00,4/21/2021,2390,0,2402,2453,2555,2617.666667,2760,2498,2420,2420,2380,2370,2420,2460,2460,2540,2540,2520
4/22/2021 15:00,4/22/2021,2360,0,2396,2440,2534.5,2611.333333,2760,2498,2390,2420,2420,2380,2370,2420,2460,2460,2540,2540
4/23/2021 15:00,4/23/2021,2390,0,2394,2422,2515.5,2605.666667,2760,2498,2360,2390,2420,2420,2380,2370,2420,2460,2460,2540
4/26/2021 15:00,4/26/2021,2390,0.15,2396,2407,2500.5,2599.5,2760,2498,2390,2360,2390,2420,2420,2380,2370,2420,2460,2460
4/27/2021 15:00,4/27/2021,2390,0,2390,2400,2485,2594.666667,2715,2498,2390,2390,2360,2390,2420,2420,2380,2370,2420,2460
4/28/2021 15:00,4/28/2021,2400,0,2384,2393,2470.5,2591.333333,2715,2498,2390,2390,2390,2360,2390,2420,2420,2380,2370,2420
4/29/2021 15:00,4/29/2021,2420,0,2386,2391,2459,2588.333333,2715,2498,2400,2390,2390,2390,2360,2390,2420,2420,2380,2370
4/30/2021 15:00,4/30/2021,2370,-0.5,2398,2396,2449,2585.166667,2715,2512.5,2420,2400,2390,2390,2390,2360,2390,2420,2420,2380
5/3/2021 15:00,5/3/2021,2280,0,2394,2395,2435,2583.166667,2715,2512.5,2370,2420,2400,2390,2390,2390,2360,2390,2420,2420
5/4/2021 15:00,5/4/2021,2300,0,2372,2381,2422,2581,2715,2512.5,2280,2370,2420,2400,2390,2390,2390,2360,2390,2420
5/5/2021 15:00,5/5/2021,2290,0,2354,2369,2411,2578,2715,2512.5,2300,2280,2370,2420,2400,2390,2390,2390,2360,2390
5/6/2021 15:00,5/6/2021,2290,0,2332,2359,2399.5,2573.5,2715,2512.5,2290,2300,2280,2370,2420,2400,2390,2390,2390,2360
5/7/2021 15:00,5/7/2021,2280,0,2306,2352,2387,2568.166667,2715,2512.5,2290,2290,2300,2280,2370,2420,2400,2390,2390,2390
5/10/2021 15:00,5/10/2021,2280,0,2288,2341,2374,2563,2715,2512.5,2280,2290,2290,2300,2280,2370,2420,2400,2390,2390
5/11/2021 15:00,5/11/2021,2280,0,2288,2330,2365,2558.5,2715,2512.5,2280,2280,2290,2290,2300,2280,2370,2420,2400,2390
5/17/2021 15:00,5/17/2021,2260,0,2284,2319,2356,2553.333333,2715,2512.5,2280,2280,2280,2290,2290,2300,2280,2370,2420,2400
5/18/2021 15:00,5/18/2021,2260,0,2278,2305,2348,2547.666667,2715,2512.5,2260,2280,2280,2280,2290,2290,2300,2280,2370,2420
5/19/2021 15:00,5/19/2021,2230,0,2272,2289,2342.5,2542,2715,2512.5,2260,2260,2280,2280,2280,2290,2290,2300,2280,2370
5/20/2021 15:00,5/20/2021,2160,0,2262,2275,2335,2536.5,2715,2512.5,2230,2260,2260,2280,2280,2280,2290,2290,2300,2280
5/21/2021 15:00,5/21/2021,2150,0,2238,2263,2322,2529.833333,2715,2512.5,2160,2230,2260,2260,2280,2280,2280,2290,2290,2300
5/24/2021 15:00,5/24/2021,2120,0,2212,2248,2308.5,2523.166667,2715,2512.5,2150,2160,2230,2260,2260,2280,2280,2280,2290,2290
5/25/2021 15:00,5/25/2021,2190,0,2184,2231,2295,2512.833333,2715,2434,2120,2150,2160,2230,2260,2260,2280,2280,2280,2290
5/27/2021 15:00,5/27/2021,2180,0,2170,2221,2286.5,2504,2715,2434,2190,2120,2150,2160,2230,2260,2260,2280,2280,2280
5/28/2021 15:00,5/28/2021,2190,0.136363636,2160,2211,2276,2496.5,2715,2434,2180,2190,2120,2150,2160,2230,2260,2260,2280,2280
5/31/2021 15:00,5/31/2021,2210,0,2166,2202,2266,2488.333333,2715,2390,2190,2180,2190,2120,2150,2160,2230,2260,2260,2280
6/2/2021 15:00,6/2/2021,2350,0,2178,2195,2257,2480,2715,2390,2210,2190,2180,2190,2120,2150,2160,2230,2260,2260
6/3/2021 15:00,6/3/2021,2320,0,2224,2204,2254.5,2473.833333,2600,2390,2350,2210,2190,2180,2190,2120,2150,2160,2230,2260
6/4/2021 15:00,6/4/2021,2280,0,2250,2210,2249.5,2467,2600,2390,2320,2350,2210,2190,2180,2190,2120,2150,2160,2230
6/7/2021 15:00,6/7/2021,2220,0,2270,2215,2245,2459.833333,2600,2390,2280,2320,2350,2210,2190,2180,2190,2120,2150,2160
6/8/2021 15:00,6/8/2021,2190,0,2276,2221,2242,2451.666667,2600,2336,2220,2280,2320,2350,2210,2190,2180,2190,2120,2150
6/9/2021 15:00,6/9/2021,2220,0,2272,2225,2236.5,2443,2600,2336,2190,2220,2280,2320,2350,2210,2190,2180,2190,2120
6/10/2021 15:00,6/10/2021,2200,0,2246,2235,2233,2435.333333,2600,2336,2220,2190,2220,2280,2320,2350,2210,2190,2180,2190
6/11/2021 15:00,6/11/2021,2290,0,2222,2236,2228.5,2428.5,2600,2336,2200,2220,2190,2220,2280,2320,2350,2210,2190,2180
6/14/2021 15:00,6/14/2021,2290,0,2224,2247,2229,2423.333333,2600,2336,2290,2200,2220,2190,2220,2280,2320,2350,2210,2190
6/15/2021 15:00,6/15/2021,2240,0.289583333,2238,2257,2229.5,2416,2600,2336,2290,2290,2200,2220,2190,2220,2280,2320,2350,2210
6/16/2021 15:00,6/16/2021,2260,0,2248,2260,2227.5,2407.666667,2600,2336,2240,2290,2290,2200,2220,2190,2220,2280,2320,2350
6/17/2021 15:00,6/17/2021,2200,0,2256,2251,2227.5,2400.166667,2600,2336,2260,2240,2290,2290,2200,2220,2190,2220,2280,2320
6/18/2021 15:00,6/18/2021,2120,0,2256,2239,2224.5,2391.666667,2600,2336,2200,2260,2240,2290,2290,2200,2220,2190,2220,2280
6/21/2021 15:00,6/21/2021,2080,0,2222,2223,2219,2381.166667,2600,2336,2120,2200,2260,2240,2290,2290,2200,2220,2190,2220
6/22/2021 15:00,6/22/2021,2100,0,2180,2209,2215,2369.833333,2600,2336,2080,2120,2200,2260,2240,2290,2290,2200,2220,2190
6/23/2021 15:00,6/23/2021,2050,0,2152,2200,2212.5,2358.666667,2465,2336,2100,2080,2120,2200,2260,2240,2290,2290,2200,2220
6/24/2021 15:00,6/24/2021,2030,0,2110,2183,2209,2346.166667,2465,2336,2050,2100,2080,2120,2200,2260,2240,2290,2290,2200
6/25/2021 15:00,6/25/2021,2030,0.8375,2076,2166,2201,2334.333333,2465,2336,2030,2050,2100,2080,2120,2200,2260,2240,2290,2290
6/28/2021 15:00,6/28/2021,2010,0,2058,2140,2193.5,2323.333333,2465,2336,2030,2030,2050,2100,2080,2120,2200,2260,2240,2290
6/29/2021 15:00,6/29/2021,2000,0,2044,2112,2184.5,2311.833333,2465,2336,2010,2030,2030,2050,2100,2080,2120,2200,2260,2240
6/30/2021 15:00,6/30/2021,2000,0,2024,2088,2174,2300.5,2465,2336,2000,2010,2030,2030,2050,2100,2080,2120,2200,2260
7/1/2021 15:00,7/1/2021,2010,0,2014,2062,2156.5,2290,2465,2336,2000,2000,2010,2030,2030,2050,2100,2080,2120,2200
7/2/2021 15:00,7/2/2021,2100,0,2010,2043,2141,2279.833333,2465,2272.5,2010,2000,2000,2010,2030,2030,2050,2100,2080,2120
7/5/2021 15:00,7/5/2021,2060,0,2024,2041,2132,2270.666667,2465,2272.5,2100,2010,2000,2000,2010,2030,2030,2050,2100,2080
7/6/2021 15:00,7/6/2021,2150,0,2034,2039,2124,2262.666667,2465,2272.5,2060,2100,2010,2000,2000,2010,2030,2030,2050,2100
7/7/2021 15:00,7/7/2021,2100,0,2064,2044,2122,2256.5,2366.666667,2216.666667,2150,2060,2100,2010,2000,2000,2010,2030,2030,2050
7/8/2021 15:00,7/8/2021,2070,0,2084,2049,2116,2249.5,2270,2216.666667,2100,2150,2060,2100,2010,2000,2000,2010,2030,2030
7/9/2021 15:00,7/9/2021,2130,0,2096,2053,2109.5,2241.666667,2270,2216.666667,2070,2100,2150,2060,2100,2010,2000,2000,2010,2030
7/12/2021 15:00,7/12/2021,2120,0,2102,2063,2101.5,2234.833333,2270,2216.666667,2130,2070,2100,2150,2060,2100,2010,2000,2000,2010
7/13/2021 15:00,7/13/2021,2080,0,2114,2074,2093,2229.166667,2233.333333,2216.666667,2120,2130,2070,2100,2150,2060,2100,2010,2000,2000
7/14/2021 15:00,7/14/2021,2070,0,2100,2082,2085,2222.833333,2233.333333,2216.666667,2080,2120,2130,2070,2100,2150,2060,2100,2010,2000
7/15/2021 15:00,7/15/2021,2100,0,2094,2089,2075.5,2217,2233.333333,2216.666667,2070,2080,2120,2130,2070,2100,2150,2060,2100,2010
7/16/2021 15:00,7/16/2021,2130,0,2100,2098,2070.5,2212.5,2233.333333,2145,2100,2070,2080,2120,2130,2070,2100,2150,2060,2100
7/19/2021 15:00,7/19/2021,2140,0,2100,2101,2071,2208.333333,2233.333333,2145,2130,2100,2070,2080,2120,2130,2070,2100,2150,2060
7/21/2021 15:00,7/21/2021,2130,0,2104,2109,2074,2203.666667,2233.333333,2145,2140,2130,2100,2070,2080,2120,2130,2070,2100,2150
7/22/2021 15:00,7/22/2021,2250,0,2114,2107,2075.5,2198.833333,2233.333333,2145,2130,2140,2130,2100,2070,2080,2120,2130,2070,2100
7/23/2021 15:00,7/23/2021,2220,0,2150,2122,2085.5,2196.5,2233.333333,2145,2250,2130,2140,2130,2100,2070,2080,2120,2130,2070
7/26/2021 15:00,7/26/2021,2240,0,2174,2137,2095,2194.166667,2233.333333,2145,2220,2250,2130,2140,2130,2100,2070,2080,2120,2130
7/27/2021 15:00,7/27/2021,2230,0,2196,2148,2105.5,2191.666667,2233.333333,2145,2240,2220,2250,2130,2140,2130,2100,2070,2080,2120
7/28/2021 15:00,7/28/2021,2210,0,2214,2159,2116.5,2189,2233.333333,2145,2230,2240,2220,2250,2130,2140,2130,2100,2070,2080
7/29/2021 15:00,7/29/2021,2240,0,2230,2172,2127,2186,2233.333333,2145,2210,2230,2240,2220,2250,2130,2140,2130,2100,2070
7/30/2021 15:00,7/30/2021,2230,0,2228,2189,2139,2183.333333,2233.333333,2145,2240,2210,2230,2240,2220,2250,2130,2140,2130,2100
8/2/2021 15:00,8/2/2021,2240,0,2230,2202,2150,2180.166667,2233.333333,2145,2230,2240,2210,2230,2240,2220,2250,2130,2140,2130
8/3/2021 15:00,8/3/2021,2220,0,2230,2213,2157,2178,2233.333333,2145,2240,2230,2240,2210,2230,2240,2220,2250,2130,2140
8/4/2021 15:00,8/4/2021,2260,0,2228,2221,2165,2177,2233.333333,2145,2220,2240,2230,2240,2210,2230,2240,2220,2250,2130
8/5/2021 15:00,8/5/2021,2190,0,2238,2234,2170.5,2176.333333,2233.333333,2145,2260,2220,2240,2230,2240,2210,2230,2240,2220,2250
8/6/2021 15:00,8/6/2021,2220,0,2228,2228,2175,2174.666667,2233.333333,2145,2190,2260,2220,2240,2230,2240,2210,2230,2240,2220
8/9/2021 15:00,8/9/2021,2210,0,2226,2228,2182.5,2173.5,2233.333333,2145,2220,2190,2260,2220,2240,2230,2240,2210,2230,2240
8/10/2021 15:00,8/10/2021,2250,0,2220,2225,2186.5,2172.333333,2242.5,2145,2210,2220,2190,2260,2220,2240,2230,2240,2210,2230
8/12/2021 15:00,8/12/2021,2370,0,2226,2227,2193,2171.833333,2242.5,2145,2250,2210,2220,2190,2260,2220,2240,2230,2240,2210
8/13/2021 15:00,8/13/2021,2340,0,2248,2243,2207.5,2173.333333,2242.5,2145,2370,2250,2210,2220,2190,2260,2220,2240,2230,2240
8/16/2021 15:00,8/16/2021,2330,0.3,2278,2253,2221,2174.666667,2272,2145,2340,2370,2250,2210,2220,2190,2260,2220,2240,2230
8/18/2021 15:00,8/18/2021,2250,0.45,2300,2263,2232.5,2175.833333,2272,2145,2330,2340,2370,2250,2210,2220,2190,2260,2220,2240
8/19/2021 15:00,8/19/2021,2150,0.516666667,2308,2264,2238.5,2176.166667,2272,2145,2250,2330,2340,2370,2250,2210,2220,2190,2260,2220
8/20/2021 15:00,8/20/2021,2110,0,2288,2257,2239,2176,2272,2145,2150,2250,2330,2340,2370,2250,2210,2220,2190,2260
8/23/2021 15:00,8/23/2021,2100,0,2236,2242,2238,2175.333333,2272,2145,2110,2150,2250,2330,2340,2370,2250,2210,2220,2190
8/24/2021 15:00,8/24/2021,2080,0.233333333,2188,2233,2230.5,2175,2272,2170,2100,2110,2150,2250,2330,2340,2370,2250,2210,2220
8/25/2021 15:00,8/25/2021,2090,0,2138,2219,2223.5,2173.166667,2272,2120,2080,2100,2110,2150,2250,2330,2340,2370,2250,2210
8/26/2021 15:00,8/26/2021,2100,0,2106,2207,2216,2171.666667,2272,2120,2090,2080,2100,2110,2150,2250,2330,2340,2370,2250
8/27/2021 15:00,8/27/2021,2080,0,2096,2192,2209.5,2170.166667,2272,2070,2100,2090,2080,2100,2110,2150,2250,2330,2340,2370
8/30/2021 15:00,8/30/2021,2110,0,2090,2163,2203,2168,2272,2070,2080,2100,2090,2080,2100,2110,2150,2250,2330,2340
8/31/2021 15:00,8/31/2021,2110,0,2092,2140,2196.5,2164,2247.5,2070,2110,2080,2100,2090,2080,2100,2110,2150,2250,2330
9/1/2021 15:00,9/1/2021,2180,0,2098,2118,2190.5,2160.5,2247.5,2070,2110,2110,2080,2100,2090,2080,2100,2110,2150,2250
9/2/2021 15:00,9/2/2021,2190,0,2116,2111,2187.5,2158.833333,2247.5,2070,2180,2110,2110,2080,2100,2090,2080,2100,2110,2150
9/3/2021 15:00,9/3/2021,2290,0,2134,2115,2186,2158.333333,2247.5,2070,2190,2180,2110,2110,2080,2100,2090,2080,2100,2110
9/6/2021 15:00,9/6/2021,2310,0.106060606,2176,2133,2187.5,2160,2247.5,2070,2290,2190,2180,2110,2110,2080,2100,2090,2080,2100
9/7/2021 15:00,9/7/2021,2280,0,2216,2154,2193.5,2161.5,2266,2070,2310,2290,2190,2180,2110,2110,2080,2100,2090,2080
9/8/2021 15:00,9/8/2021,2300,0,2250,2174,2196.5,2162.833333,2266,2070,2280,2310,2290,2190,2180,2110,2110,2080,2100,2090
9/9/2021 15:00,9/9/2021,2340,0,2274,2195,2201,2163,2266,2070,2300,2280,2310,2290,2190,2180,2110,2110,2080,2100
9/10/2021 15:00,9/10/2021,2350,0,2304,2219,2205.5,2163.833333,2266,2070,2340,2300,2280,2310,2290,2190,2180,2110,2110,2080
9/13/2021 15:00,9/13/2021,2330,0,2316,2246,2204.5,2165.666667,2266,2070,2350,2340,2300,2280,2310,2290,2190,2180,2110,2110
9/14/2021 15:00,9/14/2021,2370,0,2320,2268,2204,2166.833333,2266,2070,2330,2350,2340,2300,2280,2310,2290,2190,2180,2110
9/15/2021 15:00,9/15/2021,2410,0,2338,2294,2206,2169.666667,2266,2070,2370,2330,2350,2340,2300,2280,2310,2290,2190,2180
9/16/2021 15:00,9/16/2021,2410,0.214285714,2360,2317,2214,2174.5,2266,2070,2410,2370,2330,2350,2340,2300,2280,2310,2290,2190
9/17/2021 15:00,9/17/2021,2320,0,2374,2339,2227,2180,2298.333333,2070,2410,2410,2370,2330,2350,2340,2300,2280,2310,2290
9/20/2021 15:00,9/20/2021,2290,0,2368,2342,2237.5,2183.666667,2298.333333,2070,2320,2410,2410,2370,2330,2350,2340,2300,2280,2310
9/21/2021 15:00,9/21/2021,2280,0,2360,2340,2247,2187.666667,2298.333333,2070,2290,2320,2410,2410,2370,2330,2350,2340,2300,2280
9/22/2021 15:00,9/22/2021,2350,0,2342,2340,2257,2191.833333,2298.333333,2150,2280,2290,2320,2410,2410,2370,2330,2350,2340,2300
9/23/2021 15:00,9/23/2021,2420,0.3,2330,2345,2270,2197.166667,2298.333333,2150,2350,2280,2290,2320,2410,2410,2370,2330,2350,2340
9/24/2021 15:00,9/24/2021,2450,0,2332,2353,2286,2204,2298.333333,2150,2420,2350,2280,2290,2320,2410,2410,2370,2330,2350
9/27/2021 15:00,9/27/2021,2460,0,2358,2363,2304.5,2211.5,2298.333333,2150,2450,2420,2350,2280,2290,2320,2410,2410,2370,2330
9/28/2021 15:00,9/28/2021,2630,0.5,2392,2376,2322,2219.166667,2298.333333,2150,2460,2450,2420,2350,2280,2290,2320,2410,2410,2370
9/29/2021 15:00,9/29/2021,2640,0,2462,2402,2348,2229.5,2298.333333,2150,2630,2460,2450,2420,2350,2280,2290,2320,2410,2410
9/30/2021 15:00,9/30/2021,2760,0,2520,2425,2371,2238.5,2298.333333,2150,2640,2630,2460,2450,2420,2350,2280,2290,2320,2410
10/1/2021 15:00,10/1/2021,2720,0,2588,2460,2399.5,2250.166667,2298.333333,2150,2760,2640,2630,2460,2450,2420,2350,2280,2290,2320
10/4/2021 15:00,10/4/2021,2890,0,2642,2500,2421,2259.666667,2324,2150,2720,2760,2640,2630,2460,2450,2420,2350,2280,2290
10/5/2021 15:00,10/5/2021,2840,0,2728,2560,2450,2272.833333,2324,2150,2890,2720,2760,2640,2630,2460,2450,2420,2350,2280
10/6/2021 15:00,10/6/2021,2840,0,2770,2616,2478,2285.666667,2324,2150,2840,2890,2720,2760,2640,2630,2460,2450,2420,2350
10/7/2021 15:00,10/7/2021,2680,0,2810,2665,2505,2297.5,2324,2150,2840,2840,2890,2720,2760,2640,2630,2460,2450,2420
10/8/2021 15:00,10/8/2021,2780,0,2794,2691,2522,2306.833333,2365,2150,2680,2840,2840,2890,2720,2760,2640,2630,2460,2450
10/11/2021 15:00,10/11/2021,2840,0,2806,2724,2543.5,2318.5,2365,2150,2780,2680,2840,2840,2890,2720,2760,2640,2630,2460
10/12/2021 15:00,10/12/2021,2830,0,2796,2762,2569,2331.333333,2365,2150,2840,2780,2680,2840,2840,2890,2720,2760,2640,2630
10/13/2021 15:00,10/13/2021,2790,0,2794,2782,2592,2343.5,2365,2150,2830,2840,2780,2680,2840,2840,2890,2720,2760,2640
10/14/2021 15:00,10/14/2021,2820,0,2784,2797,2611,2354.5,2365,2150,2790,2830,2840,2780,2680,2840,2840,2890,2720,2760
10/15/2021 15:00,10/15/2021,2830,0,2812,2803,2631.5,2365.833333,2365,2150,2820,2790,2830,2840,2780,2680,2840,2840,2890,2720
10/18/2021 15:00,10/18/2021,2860,0,2822,2814,2657,2377.5,2365,2150,2830,2820,2790,2830,2840,2780,2680,2840,2840,2890
10/19/2021 15:00,10/19/2021,2820,0,2826,2811,2685.5,2387.666667,2468,2150,2860,2830,2820,2790,2830,2840,2780,2680,2840,2840
10/21/2021 15:00,10/21/2021,2720,0,2824,2809,2712.5,2397.666667,2468,2150,2820,2860,2830,2820,2790,2830,2840,2780,2680,2840
10/22/2021 15:00,10/22/2021,2670,0,2810,2797,2731,2405.666667,2468,2150,2720,2820,2860,2830,2820,2790,2830,2840,2780,2680
10/25/2021 15:00,10/25/2021,2740,0.5,2780,2796,2743.5,2413,2468,2150,2670,2720,2820,2860,2830,2820,2790,2830,2840,2780
10/26/2021 15:00,10/26/2021,2800,0,2762,2792,2758,2421.833333,2468,2150,2740,2670,2720,2820,2860,2830,2820,2790,2830,2840
10/27/2021 15:00,10/27/2021,2780,0,2750,2788,2775,2431.166667,2468,2150,2800,2740,2670,2720,2820,2860,2830,2820,2790,2830
10/28/2021 15:00,10/28/2021,2640,0,2742,2783,2782.5,2440.333333,2468,2150,2780,2800,2740,2670,2720,2820,2860,2830,2820,2790
10/29/2021 15:00,10/29/2021,2680,0,2726,2768,2782.5,2447,2468,2150,2640,2780,2800,2740,2670,2720,2820,2860,2830,2820
11/1/2021 15:00,11/1/2021,2670,0,2728,2754,2778.5,2454.666667,2468,2150,2680,2640,2780,2800,2740,2670,2720,2820,2860,2830
11/2/2021 15:00,11/2/2021,2600,0,2714,2738,2776,2461.5,2468,2150,2670,2680,2640,2780,2800,2740,2670,2720,2820,2860
11/3/2021 15:00,11/3/2021,2640,0,2674,2712,2761.5,2468.333333,2468,2150,2600,2670,2680,2640,2780,2800,2740,2670,2720,2820
11/4/2021 15:00,11/4/2021,2680,0,2646,2694,2751.5,2475.333333,2468,2150,2640,2600,2670,2680,2640,2780,2800,2740,2670,2720
11/5/2021 15:00,11/5/2021,2650,0,2654,2690,2743.5,2483.166667,2517.5,2150,2680,2640,2600,2670,2680,2640,2780,2800,2740,2670
11/8/2021 15:00,11/8/2021,2680,0,2648,2688,2742,2489.833333,2517.5,2150,2650,2680,2640,2600,2670,2680,2640,2780,2800,2740
11/9/2021 15:00,11/9/2021,2680,0,2650,2682,2737,2495,2517.5,2150,2680,2650,2680,2640,2600,2670,2680,2640,2780,2800
11/10/2021 15:00,11/10/2021,2680,0,2666,2670,2729,2500.666667,2605,2150,2680,2680,2650,2680,2640,2600,2670,2680,2640,2780
11/11/2021 15:00,11/11/2021,2680,0,2674,2660,2721.5,2506.5,2605,2150,2680,2680,2680,2650,2680,2640,2600,2670,2680,2640
11/12/2021 15:00,11/12/2021,2660,0,2674,2664,2716,2513.666667,2605,2150,2680,2680,2680,2680,2650,2680,2640,2600,2670,2680
11/15/2021 15:00,11/15/2021,2510,0,2676,2662,2708,2522.166667,2624,2150,2660,2680,2680,2680,2680,2650,2680,2640,2600,2670
11/16/2021 15:00,11/16/2021,2510,0,2642,2646,2692,2528.833333,2624,2150,2510,2660,2680,2680,2680,2680,2650,2680,2640,2600
11/17/2021 15:00,11/17/2021,2550,1,2608,2637,2674.5,2535.666667,2624,2150,2510,2510,2660,2680,2680,2680,2680,2650,2680,2640
11/18/2021 15:00,11/18/2021,2540,0,2582,2628,2661,2543.5,2624,2230,2550,2510,2510,2660,2680,2680,2680,2680,2650,2680
11/19/2021 15:00,11/19/2021,2620,0.136363636,2554,2614,2652,2551,2624,2230,2540,2550,2510,2510,2660,2680,2680,2680,2680,2650
11/22/2021 15:00,11/22/2021,2600,0,2546,2611,2649.5,2559.666667,2624,2230,2620,2540,2550,2510,2510,2660,2680,2680,2680,2680
11/23/2021 15:00,11/23/2021,2640,0,2564,2603,2642.5,2568.333333,2624,2230,2600,2620,2540,2550,2510,2510,2660,2680,2680,2680
11/24/2021 15:00,11/24/2021,2660,0,2590,2599,2634.5,2577.166667,2624,2230,2640,2600,2620,2540,2550,2510,2510,2660,2680,2680
11/25/2021 15:00,11/25/2021,2700,0,2612,2597,2628.5,2586.333333,2624,2230,2660,2640,2600,2620,2540,2550,2510,2510,2660,2680
11/26/2021 15:00,11/26/2021,2600,0,2644,2599,2631.5,2595,2638.333333,2230,2700,2660,2640,2600,2620,2540,2550,2510,2510,2660
11/29/2021 15:00,11/29/2021,2660,0,2640,2593,2627.5,2601.833333,2638.333333,2230,2600,2700,2660,2640,2600,2620,2540,2550,2510,2510
11/30/2021 15:00,11/30/2021,2600,0,2652,2608,2627,2608,2638.333333,2230,2660,2600,2700,2660,2640,2600,2620,2540,2550,2510
12/1/2021 15:00,12/1/2021,2600,0,2644,2617,2627,2612.833333,2698,2230,2600,2660,2600,2700,2660,2640,2600,2620,2540,2550
12/2/2021 15:00,12/2/2021,2740,0,2632,2622,2625,2618.166667,2698,2230,2600,2600,2660,2600,2700,2660,2640,2600,2620,2540
12/3/2021 15:00,12/3/2021,2710,0,2640,2642,2628,2625.5,2698,2230,2740,2600,2600,2660,2600,2700,2660,2640,2600,2620
12/6/2021 15:00,12/6/2021,2750,0,2662,2651,2631,2631.666667,2698,2230,2710,2740,2600,2600,2660,2600,2700,2660,2640,2600
12/7/2021 15:00,12/7/2021,2750,0,2680,2666,2634.5,2638.333333,2698,2230,2750,2710,2740,2600,2600,2660,2600,2700,2660,2640
12/8/2021 15:00,12/8/2021,2720,0,2710,2677,2638,2645.333333,2715,2230,2750,2750,2710,2740,2600,2600,2660,2600,2700,2660
12/9/2021 15:00,12/9/2021,2720,0,2734,2683,2640,2651.166667,2715,2230,2720,2750,2750,2710,2740,2600,2600,2660,2600,2700
12/10/2021 15:00,12/10/2021,2740,0,2730,2685,2642,2656.333333,2715,2230,2720,2720,2750,2750,2710,2740,2600,2600,2660,2600
12/13/2021 15:00,12/13/2021,2710,0,2736,2699,2646,2661.833333,2766,2230,2740,2720,2720,2750,2750,2710,2740,2600,2600,2660
12/14/2021 15:00,12/14/2021,2730,0,2728,2704,2656,2668.333333,2766,2230,2710,2740,2720,2720,2750,2750,2710,2740,2600,2600
12/15/2021 15:00,12/15/2021,2700,0,2724,2717,2667,2675.666667,2766,2230,2730,2710,2740,2720,2720,2750,2750,2710,2740,2600
12/16/2021 15:00,12/16/2021,2680,0,2720,2727,2674.5,2682.666667,2766,2230,2700,2730,2710,2740,2720,2720,2750,2750,2710,2740
12/17/2021 15:00,12/17/2021,2730,0,2712,2721,2681.5,2688.166667,2766,2230,2680,2700,2730,2710,2740,2720,2720,2750,2750,2710
12/20/2021 15:00,12/20/2021,2650,0,2710,2723,2687,2693.333333,2766,2230,2730,2680,2700,2730,2710,2740,2720,2720,2750,2750
12/21/2021 15:00,12/21/2021,2690,0,2698,2713,2689.5,2696.666667,2766,2230,2650,2730,2680,2700,2730,2710,2740,2720,2720,2750
12/22/2021 15:00,12/22/2021,2700,0,2690,2707,2692,2700.5,2766,2230,2690,2650,2730,2680,2700,2730,2710,2740,2720,2720
12/23/2021 15:00,12/23/2021,2700,0,2690,2705,2694,2701.666667,2766,2230,2700,2690,2650,2730,2680,2700,2730,2710,2740,2720
12/24/2021 15:00,12/24/2021,2710,0,2694,2703,2694,2702.666667,2766,2230,2700,2700,2690,2650,2730,2680,2700,2730,2710,2740
12/27/2021 15:00,12/27/2021,2700,0,2690,2700,2699.5,2701.833333,2766,2670,2710,2700,2700,2690,2650,2730,2680,2700,2730,2710
12/28/2021 15:00,12/28/2021,2800,0,2700,2699,2701.5,2701.5,2766,2670,2700,2710,2700,2700,2690,2650,2730,2680,2700,2730
12/29/2021 15:00,12/29/2021,2790,0,2722,2706,2711.5,2700,2776.666667,2670,2800,2700,2710,2700,2700,2690,2650,2730,2680,2700
12/30/2021 15:00,12/30/2021,2710,0,2740,2715,2721,2699.166667,2776.666667,2670,2790,2800,2700,2710,2700,2700,2690,2650,2730,2680
1/3/2022 15:00,1/3/2022,2670,0,2742,2718,2719.5,2697,2776.666667,2670,2710,2790,2800,2700,2710,2700,2700,2690,2650,2730
1/4/2022 15:00,1/4/2022,2700,0,2734,2712,2717.5,2696.833333,2776.666667,2670,2670,2710,2790,2800,2700,2710,2700,2700,2690,2650
1/5/2022 15:00,1/5/2022,2730,0,2734,2717,2715,2695.5,2776.666667,2670,2700,2670,2710,2790,2800,2700,2710,2700,2700,2690
1/6/2022 15:00,1/6/2022,2700,0,2720,2721,2714,2693.666667,2776.666667,2670,2730,2700,2670,2710,2790,2800,2700,2710,2700,2700
1/7/2022 15:00,1/7/2022,2790,0,2702,2721,2713,2691.5,2776.666667,2665,2700,2730,2700,2670,2710,2790,2800,2700,2710,2700
1/10/2022 15:00,1/10/2022,2780,0,2718,2730,2716.5,2691.5,2776.666667,2665,2790,2700,2730,2700,2670,2710,2790,2800,2700,2710
1/11/2022 15:00,1/11/2022,2830,0,2740,2737,2718.5,2690.833333,2776.666667,2665,2780,2790,2700,2730,2700,2670,2710,2790,2800,2700
1/12/2022 15:00,1/12/2022,2760,0,2766,2750,2724.5,2690.833333,2791.428571,2665,2830,2780,2790,2700,2730,2700,2670,2710,2790,2800
1/13/2022 15:00,1/13/2022,2810,0,2772,2746,2726,2689.166667,2776.666667,2665,2760,2830,2780,2790,2700,2730,2700,2670,2710,2790
1/14/2022 15:00,1/14/2022,2830,0,2794,2748,2731.5,2689,2776.666667,2665,2810,2760,2830,2780,2790,2700,2730,2700,2670,2710
1/17/2022 15:00,1/17/2022,2810,0,2802,2760,2739,2690.833333,2776.666667,2665,2830,2810,2760,2830,2780,2790,2700,2730,2700,2670
1/18/2022 15:00,1/18/2022,2820,0,2808,2774,2743,2693.166667,2776.666667,2665,2810,2830,2810,2760,2830,2780,2790,2700,2730,2700
1/19/2022 15:00,1/19/2022,2810,0,2806,2786,2751.5,2694.5,2776.666667,2686.666667,2820,2810,2830,2810,2760,2830,2780,2790,2700,2730
1/20/2022 15:00,1/20/2022,2820,0,2816,2794,2757.5,2694.666667,2776.666667,2686.666667,2810,2820,2810,2830,2810,2760,2830,2780,2790,2700
1/21/2022 15:00,1/21/2022,2830,0,2818,2806,2763.5,2695.333333,2787.142857,2686.666667,2820,2810,2820,2810,2830,2810,2760,2830,2780,2790
1/24/2022 15:00,1/24/2022,2870,0,2818,2810,2770,2698.5,2787.142857,2712.5,2830,2820,2810,2820,2810,2830,2810,2760,2830,2780
1/25/2022 15:00,1/25/2022,2810,0,2830,2819,2778,2701.666667,2787.142857,2712.5,2870,2830,2820,2810,2820,2810,2830,2810,2760,2830
1/26/2022 15:00,1/26/2022,2870,0,2828,2817,2783.5,2704,2787.142857,2712.5,2810,2870,2830,2820,2810,2820,2810,2830,2810,2760
1/27/2022 15:00,1/27/2022,2900,0,2840,2828,2787,2708.5,2787.142857,2712.5,2870,2810,2870,2830,2820,2810,2820,2810,2830,2810
1/28/2022 15:00,1/28/2022,2880,0,2856,2837,2792.5,2712.833333,2787.142857,2712.5,2900,2870,2810,2870,2830,2820,2810,2820,2810,2830
1/31/2022 15:00,1/31/2022,2850,0,2866,2842,2801,2716.166667,2787.142857,2712.5,2880,2900,2870,2810,2870,2830,2820,2810,2820,2810
2/2/2022 15:00,2/2/2022,2810,0,2862,2846,2810,2719.5,2787.142857,2712.5,2850,2880,2900,2870,2810,2870,2830,2820,2810,2820
2/3/2022 15:00,2/3/2022,2820,0,2862,2845,2815.5,2721.666667,2787.142857,2712.5,2810,2850,2880,2900,2870,2810,2870,2830,2820,2810
2/4/2022 15:00,2/4/2022,2790,0,2852,2846,2820,2724,2795,2720,2820,2810,2850,2880,2900,2870,2810,2870,2830,2820
2/7/2022 15:00,2/7/2022,2820,0,2830,2843,2824.5,2725.833333,2795,2720,2790,2820,2810,2850,2880,2900,2870,2810,2870,2830
2/8/2022 15:00,2/8/2022,2840,0,2818,2842,2826,2728.166667,2795,2720,2820,2790,2820,2810,2850,2880,2900,2870,2810,2870
2/9/2022 15:00,2/9/2022,2870,0,2816,2839,2829,2731.166667,2814,2720,2840,2820,2790,2820,2810,2850,2880,2900,2870,2810
2/10/2022 15:00,2/10/2022,2840,0,2828,2845,2831,2737.166667,2814,2720,2870,2840,2820,2790,2820,2810,2850,2880,2900,2870
2/11/2022 15:00,2/11/2022,2880,0,2832,2842,2835,2742.666667,2814,2720,2840,2870,2840,2820,2790,2820,2810,2850,2880,2900
2/14/2022 15:00,2/14/2022,2910,0,2850,2840,2838.5,2748.166667,2814,2720,2880,2840,2870,2840,2820,2790,2820,2810,2850,2880
2/15/2022 15:00,2/15/2022,2910,0,2868,2843,2842.5,2754.333333,2814,2720,2910,2880,2840,2870,2840,2820,2790,2820,2810,2850
2/16/2022 15:00,2/16/2022,2900,0,2882,2849,2847.5,2759.166667,2814,2720,2910,2910,2880,2840,2870,2840,2820,2790,2820,2810
2/17/2022 15:00,2/17/2022,2900,0,2888,2858,2851.5,2764.166667,2814,2720,2900,2910,2910,2880,2840,2870,2840,2820,2790,2820
2/18/2022 15:00,2/18/2022,2930,0,2900,2866,2856,2768.5,2814,2720,2900,2900,2910,2910,2880,2840,2870,2840,2820,2790
2/21/2022 15:00,2/21/2022,2940,0,2910,2880,2861.5,2773,2814,2720,2930,2900,2900,2910,2910,2880,2840,2870,2840,2820
2/22/2022 15:00,2/22/2022,2940,0,2916,2892,2867,2777,2840,2720,2940,2930,2900,2900,2910,2910,2880,2840,2870,2840
2/23/2022 15:00,2/23/2022,3010,0,2922,2902,2870.5,2782.666667,2840,2720,2940,2940,2930,2900,2900,2910,2910,2880,2840,2870
2/24/2022 15:00,2/24/2022,3170,0,2944,2916,2880.5,2788.5,2840,2720,3010,2940,2940,2930,2900,2900,2910,2910,2880,2840
2/25/2022 15:00,2/25/2022,3140,0,2998,2949,2895.5,2798,2840,2720,3170,3010,2940,2940,2930,2900,2900,2910,2910,2880
3/1/2022 15:00,3/1/2022,3190,0,3040,2975,2907.5,2807,2840,2720,3140,3170,3010,2940,2940,2930,2900,2900,2910,2910
3/2/2022 15:00,3/2/2022,3250,0.136363636,3090,3003,2923,2814.5,2840,2720,3190,3140,3170,3010,2940,2940,2930,2900,2900,2910
3/4/2022 15:00,3/4/2022,3540,0,3152,3037,2943,2823.5,2840,2720,3250,3190,3140,3170,3010,2940,2940,2930,2900,2900
3/7/2022 15:00,3/7/2022,3620,0,3258,3101,2979.5,2836.666667,2840,2720,3540,3250,3190,3140,3170,3010,2940,2940,2930,2900
3/8/2022 15:00,3/8/2022,3480,0.875,3348,3173,3019.5,2851.166667,3080,2720,3620,3540,3250,3190,3140,3170,3010,2940,2940,2930
3/9/2022 15:00,3/9/2022,3540,0.016666667,3416,3228,3054,2863.833333,3080,2720,3480,3620,3540,3250,3190,3140,3170,3010,2940,2940
3/10/2022 15:00,3/10/2022,3470,0.016666667,3486,3288,3090,2877.5,3080,2720,3540,3480,3620,3540,3250,3190,3140,3170,3010,2940
3/11/2022 15:00,3/11/2022,3480,0,3530,3341,3121.5,2889.666667,3080,2720,3470,3540,3480,3620,3540,3250,3190,3140,3170,3010
3/14/2022 15:00,3/14/2022,3310,0,3518,3388,3152,2902.5,3080,2720,3480,3470,3540,3480,3620,3540,3250,3190,3140,3170
3/15/2022 15:00,3/15/2022,3300,0,3456,3402,3175.5,2912.166667,3080,2720,3310,3480,3470,3540,3480,3620,3540,3250,3190,3140
3/16/2022 15:00,3/16/2022,3380,0.25,3420,3418,3196.5,2922.166667,3080,2720,3300,3310,3480,3470,3540,3480,3620,3540,3250,3190
3/17/2022 15:00,3/17/2022,3320,0,3388,3437,3220,2933.833333,3080,2720,3380,3300,3310,3480,3470,3540,3480,3620,3540,3250
3/18/2022 15:00,3/18/2022,3190,0,3358,3444,3240.5,2943.666667,3080,2720,3320,3380,3300,3310,3480,3470,3540,3480,3620,3540
3/21/2022 15:00,3/21/2022,3220,0,3300,3409,3255,2952.666667,3080,2720,3190,3320,3380,3300,3310,3480,3470,3540,3480,3620
3/22/2022 15:00,3/22/2022,3300,0,3282,3369,3271,2961.5,3080,2720,3220,3190,3320,3380,3300,3310,3480,3470,3540,3480
3/23/2022 15:00,3/23/2022,3330,0,3282,3351,3289.5,2971.5,3080,2720,3300,3220,3190,3320,3380,3300,3310,3480,3470,3540
3/24/2022 15:00,3/24/2022,3350,-0.05,3272,3330,3309,2982,3080,2720,3330,3300,3220,3190,3320,3380,3300,3310,3480,3470
3/25/2022 15:00,3/25/2022,3320,0,3278,3318,3329.5,2992.666667,3142,2732.5,3350,3330,3300,3220,3190,3320,3380,3300,3310,3480
3/28/2022 15:00,3/28/2022,3430,0,3304,3302,3345,3003,3142,2732.5,3320,3350,3330,3300,3220,3190,3320,3380,3300,3310
3/29/2022 15:00,3/29/2022,3370,0,3346,3314,3358,3013.5,3220,2732.5,3430,3320,3350,3330,3300,3220,3190,3320,3380,3300
3/30/2022 15:00,3/30/2022,3280,0,3360,3321,3369.5,3023.166667,3220,2732.5,3370,3430,3320,3350,3330,3300,3220,3190,3320,3380
3/31/2022 15:00,3/31/2022,3290,0,3350,3311,3374,3032.666667,3220,2732.5,3280,3370,3430,3320,3350,3330,3300,3220,3190,3320
4/1/2022 15:00,4/1/2022,3330,0,3338,3308,3376,3043,3220,2732.5,3290,3280,3370,3430,3320,3350,3330,3300,3220,3190
4/4/2022 15:00,4/4/2022,3360,0,3340,3322,3365.5,3053.5,3220,2732.5,3330,3290,3280,3370,3430,3320,3350,3330,3300,3220
4/5/2022 15:00,4/5/2022,3480,0,3326,3336,3352.5,3064,3220,2732.5,3360,3330,3290,3280,3370,3430,3320,3350,3330,3300
4/6/2022 15:00,4/6/2022,3490,0,3348,3354,3352.5,3077,3220,2756.666667,3480,3360,3330,3290,3280,3370,3430,3320,3350,3330
4/7/2022 15:00,4/7/2022,3500,0,3390,3370,3350,3088.666667,3220,2756.666667,3490,3480,3360,3330,3290,3280,3370,3430,3320,3350
4/8/2022 15:00,4/8/2022,3600,0,3432,3385,3351.5,3100.666667,3220,2756.666667,3500,3490,3480,3360,3330,3290,3280,3370,3430,3320
4/11/2022 15:00,4/11/2022,3550,0,3486,3413,3357.5,3113.5,3333.333333,2756.666667,3600,3500,3490,3480,3360,3330,3290,3280,3370,3430
4/12/2022 15:00,4/12/2022,3510,0,3524,3425,3369.5,3126.666667,3333.333333,2756.666667,3550,3600,3500,3490,3480,3360,3330,3290,3280,3370
4/13/2022 15:00,4/13/2022,3760,0,3530,3439,3380,3138.333333,3333.333333,2756.666667,3510,3550,3600,3500,3490,3480,3360,3330,3290,3280
4/14/2022 15:00,4/14/2022,3770,0,3584,3487,3399,3153.833333,3333.333333,2756.666667,3760,3510,3550,3600,3500,3490,3480,3360,3330,3290
4/18/2022 15:00,4/18/2022,3760,0,3638,3535,3421.5,3169.833333,3333.333333,2756.666667,3770,3760,3510,3550,3600,3500,3490,3480,3360,3330
4/19/2022 15:00,4/19/2022,3750,0,3670,3578,3450,3185.5,3455,2770,3760,3770,3760,3510,3550,3600,3500,3490,3480,3360
4/20/2022 15:00,4/20/2022,3700,0,3710,3617,3476.5,3201.166667,3455,2770,3750,3760,3770,3760,3510,3550,3600,3500,3490,3480
4/21/2022 15:00,4/21/2022,3720,0,3748,3639,3496.5,3215.833333,3656.666667,2770,3700,3750,3760,3770,3760,3510,3550,3600,3500,3490
4/22/2022 15:00,4/22/2022,3690,0,3740,3662,3516,3230.666667,3656.666667,2750,3720,3700,3750,3760,3770,3760,3510,3550,3600,3500
4/25/2022 15:00,4/25/2022,3700,0,3724,3681,3533,3244.333333,3656.666667,2750,3690,3720,3700,3750,3760,3770,3760,3510,3550,3600
4/26/2022 15:00,4/26/2022,3640,0,3712,3691,3552,3259.166667,3656.666667,2750,3700,3690,3720,3700,3750,3760,3770,3760,3510,3550
4/27/2022 15:00,4/27/2022,3700,0,3690,3700,3562.5,3272,3656.666667,2750,3640,3700,3690,3720,3700,3750,3760,3770,3760,3510
4/28/2022 15:00,4/28/2022,3820,0,3690,3719,3579,3285.333333,3656.666667,2750,3700,3640,3700,3690,3720,3700,3750,3760,3770,3760
5/9/2022 15:00,5/9/2022,3770,0,3710,3725,3606,3301,3656.666667,2750,3820,3700,3640,3700,3690,3720,3700,3750,3760,3770
5/10/2022 15:00,5/10/2022,3660,0,3726,3725,3630,3316.333333,3656.666667,2750,3770,3820,3700,3640,3700,3690,3720,3700,3750,3760
5/11/2022 15:00,5/11/2022,3710,0,3718,3715,3646.5,3330.5,3656.666667,2750,3660,3770,3820,3700,3640,3700,3690,3720,3700,3750
5/12/2022 15:00,5/12/2022,3650,0,3732,3711,3664,3345.333333,3656.666667,2750,3710,3660,3770,3820,3700,3640,3700,3690,3720,3700
5/13/2022 15:00,5/13/2022,3800,0,3722,3706,3672.5,3359.666667,3656.666667,2750,3650,3710,3660,3770,3820,3700,3640,3700,3690,3720
5/17/2022 15:00,5/17/2022,4100,0,3718,3714,3688,3376,3656.666667,2750,3800,3650,3710,3660,3770,3820,3700,3640,3700,3690
5/18/2022 15:00,5/18/2022,4000,0,3784,3755,3718,3397,3656.666667,2750,4100,3800,3650,3710,3660,3770,3820,3700,3640,3700
5/19/2022 15:00,5/19/2022,3950,0,3852,3785,3738,3415.833333,3656.666667,2750,4000,4100,3800,3650,3710,3660,3770,3820,3700,3640
5/20/2022 15:00,5/20/2022,4050,0,3900,3816,3758,3434.333333,3656.666667,2750,3950,4000,4100,3800,3650,3710,3660,3770,3820,3700
5/23/2022 15:00,5/23/2022,4100,0,3980,3851,3785,3453.833333,3656.666667,2750,4050,3950,4000,4100,3800,3650,3710,3660,3770,3820
5/24/2022 15:00,5/24/2022,4400,0,4040,3879,3802,3473.666667,3656.666667,2750,4100,4050,3950,4000,4100,3800,3650,3710,3660,3770
5/25/2022 15:00,5/25/2022,4390,0,4100,3942,3833.5,3498.5,3656.666667,2750,4400,4100,4050,3950,4000,4100,3800,3650,3710,3660
5/27/2022 15:00,5/27/2022,4420,0,4178,4015,3865,3523.333333,3656.666667,2750,4390,4400,4100,4050,3950,4000,4100,3800,3650,3710
5/30/2022 15:00,5/30/2022,4430,0,4272,4086,3898.5,3548.666667,3656.666667,2750,4420,4390,4400,4100,4050,3950,4000,4100,3800,3650
5/31/2022 15:00,5/31/2022,4530,0,4348,4164,3935,3573.666667,3656.666667,2750,4430,4420,4390,4400,4100,4050,3950,4000,4100,3800
6/2/2022 15:00,6/2/2022,4550,0,4434,4237,3975.5,3600.166667,3656.666667,2750,4530,4430,4420,4390,4400,4100,4050,3950,4000,4100
6/3/2022 15:00,6/3/2022,4630,0,4464,4282,4018.5,3627,3656.666667,2750,4550,4530,4430,4420,4390,4400,4100,4050,3950,4000
6/6/2022 15:00,6/6/2022,4310,0,4512,4345,4065,3654,3656.666667,2750,4630,4550,4530,4430,4420,4390,4400,4100,4050,3950
6/7/2022 15:00,6/7/2022,4070,0,4490,4381,4098.5,3673,3656.666667,2750,4310,4630,4550,4530,4430,4420,4390,4400,4100,4050
6/8/2022 15:00,6/8/2022,4050,0,4418,4383,4117,3688.5,3656.666667,2750,4070,4310,4630,4550,4530,4430,4420,4390,4400,4100
6/9/2022 15:00,6/9/2022,4070,0,4322,4378,4128.5,3702.833333,3656.666667,2750,4050,4070,4310,4630,4550,4530,4430,4420,4390,4400
6/10/2022 15:00,6/10/2022,3920,0,4226,4345,4143.5,3716.5,3656.666667,2750,4070,4050,4070,4310,4630,4550,4530,4430,4420,4390
6/13/2022 15:00,6/13/2022,3870,0,4084,4298,4156.5,3722.833333,3656.666667,2750,3920,4070,4050,4070,4310,4630,4550,4530,4430,4420
6/14/2022 15:00,6/14/2022,3880,0,3996,4243,4164.5,3727,3605,2750,3870,3920,4070,4050,4070,4310,4630,4550,4530,4430
6/15/2022 15:00,6/15/2022,3680,0,3958,4188,4176,3733.666667,3605,2750,3880,3870,3920,4070,4050,4070,4310,4630,4550,4530
6/16/2022 15:00,6/16/2022,3820,0,3884,4103,4170,3736,3605,2750,3680,3880,3870,3920,4070,4050,4070,4310,4630,4550
6/17/2022 15:00,6/17/2022,3730,0,3834,4030,4156,3741.833333,3605,2750,3820,3680,3880,3870,3920,4070,4050,4070,4310,4630
